fecha,combustible,precio_promedio,precio_min,precio_max,n_registros
2026-10-01,GLP,654.85,469,857,55
2026-10-01,Gasolina 93,1526.85,1188,1812,1951
2026-10-01,Gasolina 97,1604.33,1230,1827,1740
2026-10-01,Diésel,1489.06,913,1802,1989
2026-10-01,Gasolina 95,1563.47,1210,1819,1950
2026-10-01,Kerosene,1324.08,996,1586,1078
2026-10-01,GNC,685,402,1091,10
2026-10-01,GLP,654.85,469,857,55
2026-10-01,Gasolina 93,1526.87,1188,1812,1951
2026-10-01,Gasolina 97,1604.33,1230,1827,1740
2026-10-01,Diésel,1489.11,913,1802,1989
2026-10-01,Gasolina 95,1563.49,1210,1819,1950
2026-10-01,Kerosene,1324.31,996,1586,1078
2026-10-01,GNC,685,402,1091,10
2026-10-01,GLP,654.85,469,857,55
2026-10-01,Gasolina 93,1526.87,1188,1812,1951
2026-10-01,Gasolina 97,1604.33,1230,1827,1740
2026-10-01,Diésel,1489.11,913,1802,1989
2026-10-01,Gasolina 95,1563.49,1210,1819,1950
2026-10-01,Kerosene,1324.31,996,1586,1078
2026-10-01,GNC,685,402,1091,10
2026-10-01,GLP,654.85,469,857,55
2026-10-01,Gasolina 93,1526.89,1188,1812,1951
2026-10-01,Gasolina 97,1604.33,1230,1827,1740
2026-10-01,Diésel,1489.16,913,1802,1989
2026-10-01,Gasolina 95,1563.51,1210,1819,1950
2026-10-01,Kerosene,1324.31,996,1586,1078
2026-10-01,GNC,685,402,1091,10
2026-10-02,GLP,655.04,469,857,55
2026-10-02,Gasolina 93,1527.98,1188,1812,1951
2026-10-02,Gasolina 97,1605.26,1230,1827,1739
2026-10-02,Diésel,1491.9,913,1802,1989
2026-10-02,Gasolina 95,1564.54,1210,1819,1950
2026-10-02,Kerosene,1332.97,1014,1586,1077
2026-10-02,GNC,685,402,1091,10
2026-10-03,GLP,655.04,469,857,55
2026-10-03,Gasolina 93,1528.38,1188,1812,1952
2026-10-03,Gasolina 97,1605.78,1230,1827,1738
2026-10-03,Diésel,1493.05,913,1802,1989
2026-10-03,Gasolina 95,1564.97,1210,1819,1950
2026-10-03,Kerosene,1335.8,1014,1586,1077
2026-10-03,GNC,685,402,1091,10
