fecha,marca,combustible,precio_promedio,precio_min,precio_max,n_registros
2026-10-01,ABASTIBLE,GLP,630.24,541,819,17
2026-10-01,COPEC,Gasolina 93,1527.92,1188,1801,777
2026-10-01,COPEC,Gasolina 97,1603.49,1230,1827,770
2026-10-01,COPEC,Diésel,1493.15,965,1802,788
2026-10-01,COPEC,Gasolina 95,1563.79,1210,1801,778
2026-10-01,COPEC,Kerosene,1338.74,1014,1532,523
2026-10-01,Sin Bandera,Diésel,1493.75,1351,1743,71
2026-10-01,SIN BANDERA,Diésel,1501.5,1438,1542,6
2026-10-01,SERVITRUCK,Diésel,1552,1552,1552,1
2026-10-01,ARAMCO,Gasolina 93,1530.62,1402,1766,361
2026-10-01,ARAMCO,Gasolina 97,1604.01,1487,1684,357
2026-10-01,ARAMCO,Diésel,1490.1,1073,1660,362
2026-10-01,ARAMCO,Gasolina 95,1566.73,1434,1660,358
2026-10-01,SHELL,Gasolina 93,1526.95,1334,1676,541
2026-10-01,SHELL,Gasolina 95,1566.51,1389,1782,538
2026-10-01,SHELL,Gasolina 97,1606.46,1414,1750,533
2026-10-01,SHELL,Diésel,1492.75,1153,1763,541
2026-10-01,Gasco Autogas,GLP,691.06,594,744,17
2026-10-01,OASIS,Gasolina 93,1584,1584,1584,1
2026-10-01,OASIS,Diésel,1559,1559,1559,1
2026-10-01,OASIS,Gasolina 95,1618,1618,1618,1
2026-10-01,ARAMCO,Kerosene,1325.09,996,1446,171
2026-10-01,EHL,Gasolina 93,1623,1623,1623,1
2026-10-01,EHL,Gasolina 95,1655,1655,1655,1
2026-10-01,EHL,Diésel,1589,1589,1589,1
2026-10-01,APM,Gasolina 93,1540,1488,1585,3
2026-10-01,APM,Diésel,1498.67,1445,1555,3
2026-10-01,APM,Gasolina 95,1585,1536,1621,3
2026-10-01,Sin Bandera,Gasolina 93,1540.57,1443,1812,63
2026-10-01,VIVA COMBUSTIBLES,Gasolina 93,1482.5,1447,1518,2
2026-10-01,VIVA COMBUSTIBLES,Diésel,1443,1430,1456,2
2026-10-01,Sin Bandera,Gasolina 95,1568.61,1479,1819,62
2026-10-01,Ruta V45,Gasolina 93,1568,1568,1568,1
2026-10-01,Ruta V45,Diésel,1543,1543,1543,1
2026-10-01,Ruta V45,Gasolina 95,1601,1601,1601,1
2026-10-01,SHELL,Kerosene,1323.65,1060,1585,257
2026-10-01,COPEC,GLP,692.4,591,857,5
2026-10-01,Combustibles JSP,Gasolina 93,1416,1416,1416,1
2026-10-01,Combustibles JSP,Diésel,1358,1358,1358,1
2026-10-01,Combustibles JSP,Gasolina 95,1469,1469,1469,1
2026-10-01,G.O.A.T,Gasolina 93,1479,1479,1479,1
2026-10-01,G.O.A.T,Gasolina 97,1599,1599,1599,1
2026-10-01,G.O.A.T,Diésel,1481,1481,1481,1
2026-10-01,G.O.A.T,Kerosene,1338,1338,1338,1
2026-10-01,G.O.A.T,Gasolina 95,1559,1559,1559,1
2026-10-01,CUSTOM SERVICE,Gasolina 93,1511.22,1489,1514,9
2026-10-01,CUSTOM SERVICE,Diésel,1494,1486,1495,9
2026-10-01,CUSTOM SERVICE,Gasolina 95,1564.56,1564,1569,9
2026-10-01,CUSTOM SERVICE,Kerosene,1348,1348,1348,7
2026-10-01,CUSTOM SERVICE,Gasolina 97,1608.5,1608,1609,2
2026-10-01,Sin Bandera,GLP,628.5,588,669,2
2026-10-01,GULF,Gasolina 93,1492.21,1452,1559,14
2026-10-01,GULF,Gasolina 97,1557,1518,1599,7
2026-10-01,GULF,Diésel,1422.27,1324,1520,15
2026-10-01,GULF,Kerosene,1119.4,1039,1348,5
2026-10-01,GULF,Gasolina 95,1530.43,1483,1573,14
2026-10-01,COMBUSTIBLES JCD,Gasolina 93,1529,1529,1529,1
2026-10-01,COMBUSTIBLES JCD,Diésel,1514,1514,1514,1
2026-10-01,COMBUSTIBLES JCD,Gasolina 95,1565,1565,1565,1
2026-10-01,Rafael Letelier Yañez y Cia Ltda,Gasolina 93,1530,1530,1530,2
2026-10-01,Rafael Letelier Yañez y Cia Ltda,Gasolina 97,1611,1611,1611,2
2026-10-01,Rafael Letelier Yañez y Cia Ltda,Diésel,1503,1503,1503,2
2026-10-01,Rafael Letelier Yañez y Cia Ltda,Kerosene,1341,1341,1341,2
2026-10-01,Rafael Letelier Yañez y Cia Ltda,GLP,674,644,704,2
2026-10-01,Rafael Letelier Yañez y Cia Ltda,Gasolina 95,1570,1570,1570,2
2026-10-01,MABEL,Gasolina 93,1596,1596,1596,1
2026-10-01,MABEL,Diésel,1555,1555,1555,1
2026-10-01,MABEL,Kerosene,1079,1079,1079,1
2026-10-01,MABEL,Gasolina 95,1639,1639,1639,1
2026-10-01,BIOCOM,Gasolina 93,1524,1524,1524,1
2026-10-01,BIOCOM,Diésel,1497,1497,1497,1
2026-10-01,BIOCOM,Gasolina 95,1568,1568,1568,1
2026-10-01,Del Sol Combustibles,Gasolina 93,1503.5,1444,1542,4
2026-10-01,Del Sol Combustibles,Gasolina 95,1552.5,1479,1598,4
2026-10-01,Del Sol Combustibles,Diésel,1453.5,1357,1504,4
2026-10-01,Del Sol Combustibles,Kerosene,1141,1035,1370,4
2026-10-01,Sin Bandera,Gasolina 97,1619.81,1560,1707,21
2026-10-01,GULF,GLP,605,605,605,1
2026-10-01,Sin Bandera,Kerosene,1266,1060,1375,15
2026-10-01,FACAZ,Gasolina 93,1546.93,1504,1633,15
2026-10-01,FACAZ,Diésel,1508,1472,1536,15
2026-10-01,FACAZ,Kerosene,1320.83,1100,1376,6
2026-10-01,FACAZ,Gasolina 95,1576.21,1536,1670,14
2026-10-01,COMBUSTIBLES ANLOA,Gasolina 93,1605,1605,1605,1
2026-10-01,COMBUSTIBLES ANLOA,Diésel,1565,1565,1565,1
2026-10-01,COMBUSTIBLES ANLOA,Kerosene,1300,1300,1300,1
2026-10-01,COMBUSTIBLES ANLOA,Gasolina 95,1640,1640,1640,1
2026-10-01,Combustibles San Roque,Gasolina 93,1520,1520,1520,2
2026-10-01,Combustibles San Roque,Gasolina 95,1560,1560,1560,2
2026-10-01,Combustibles San Roque,Diésel,1497,1497,1497,2
2026-10-01,Combustibles Ortiz,Gasolina 93,1510,1510,1510,1
2026-10-01,Combustibles Ortiz,Diésel,1473,1473,1473,1
2026-10-01,Combustibles Ortiz,Kerosene,1080,1080,1080,1
2026-10-01,Combustibles Ortiz,Gasolina 95,1541,1541,1541,1
2026-10-01,COOPEUMO COMBUSTIBLES,Gasolina 93,1559,1559,1559,3
2026-10-01,COOPEUMO COMBUSTIBLES,Diésel,1526,1526,1526,3
2026-10-01,COOPEUMO COMBUSTIBLES,Gasolina 95,1587,1587,1587,3
2026-10-01,SHELL,GLP,592.33,469,667,3
2026-10-01,Petrowork,Gasolina 93,1538.67,1531,1552,3
2026-10-01,Petrowork,Diésel,1514.67,1507,1530,3
2026-10-01,Petrowork,Gasolina 95,1572.67,1566,1584,3
2026-10-01,Combustibles San Roque,Kerosene,1372,1372,1372,1
2026-10-01,Petrofull,Gasolina 93,1534,1534,1534,1
2026-10-01,Petrofull,Gasolina 95,1565,1565,1565,1
2026-10-01,Petrofull,Diésel,1500,1500,1500,1
2026-10-01,HN,Gasolina 93,1504.25,1455,1561,16
2026-10-01,HN,Diésel,1465.56,1385,1530,16
2026-10-01,HN,Kerosene,1270.93,1045,1336,15
2026-10-01,HN,Gasolina 95,1537.38,1490,1586,16
2026-10-01,LIPIGAS,GLP,607.75,588,628,4
2026-10-01,Punto Sur,Gasolina 93,1510,1510,1510,2
2026-10-01,Punto Sur,Diésel,1473,1473,1473,2
2026-10-01,Punto Sur,Gasolina 95,1533,1533,1533,2
2026-10-01,Del Solar,Gasolina 93,1509,1509,1509,1
2026-10-01,Del Solar,Diésel,1472,1472,1472,1
2026-10-01,Del Solar,Kerosene,1351,1351,1351,1
2026-10-01,Del Solar,Gasolina 95,1542,1542,1542,1
2026-10-01,COMERCIAL MAQUI,Gasolina 93,1550,1550,1550,1
2026-10-01,COMERCIAL MAQUI,Diésel,1499,1499,1499,1
2026-10-01,COMERCIAL MAQUI,Gasolina 95,1581,1581,1581,1
2026-10-01,COMERCIAL Y SERVICIOS MS,Gasolina 93,1470,1470,1470,1
2026-10-01,COMERCIAL Y SERVICIOS MS,Diésel,1220,1220,1220,1
2026-10-01,COMERCIAL Y SERVICIOS MS,Gasolina 95,1495,1495,1495,1
2026-10-01,SERVICENTRO SAN MIGUEL,Gasolina 93,1485,1459,1511,2
2026-10-01,SERVICENTRO SAN MIGUEL,Diésel,1476,1472,1480,2
2026-10-01,SERVICENTRO SAN MIGUEL,Gasolina 95,1513,1492,1534,2
2026-10-01,Combustibles J.L.T.,Gasolina 93,1501,1501,1501,1
2026-10-01,Combustibles J.L.T.,Diésel,1464,1464,1464,1
2026-10-01,Combustibles J.L.T.,Kerosene,1357,1357,1357,1
2026-10-01,Combustibles J.L.T.,Gasolina 95,1540,1540,1540,1
2026-10-01,Energy Woman,Gasolina 93,1471.5,1467,1476,2
2026-10-01,Energy Woman,Diésel,1374.5,1372,1377,2
2026-10-01,Energy Woman,Gasolina 95,1512,1507,1517,2
2026-10-01,Aire,Gasolina 93,1480.8,1452,1506,5
2026-10-01,Aire,Gasolina 97,1558,1532,1584,2
2026-10-01,Aire,Diésel,1445.2,1376,1472,5
2026-10-01,Aire,Kerosene,1303.2,1080,1364,5
2026-10-01,Aire,Gasolina 95,1523.4,1492,1546,5
2026-10-01,ATT,Gasolina 93,1507,1507,1507,1
2026-10-01,ATT,Diésel,1470,1470,1470,1
2026-10-01,ATT,Kerosene,1327,1327,1327,1
2026-10-01,ATT,Gasolina 95,1546,1546,1546,1
2026-10-01,SOCORRO,Gasolina 93,1501.67,1494,1508,9
2026-10-01,SOCORRO,Diésel,1471.22,1470,1475,9
2026-10-01,SOCORRO,Kerosene,1340.5,1300,1355,8
2026-10-01,SOCORRO,Gasolina 95,1542.67,1536,1550,9
2026-10-01,PETROJAC,Diésel,1478,1471,1485,2
2026-10-01,PETROJAC,Gasolina 95,1577.5,1546,1609,2
2026-10-01,HS Combustibles,Gasolina 93,1539,1539,1539,1
2026-10-01,HS Combustibles,Diésel,1484,1484,1484,1
2026-10-01,HS Combustibles,Gasolina 95,1566,1566,1566,1
2026-10-01,PETROJAC,Gasolina 93,1586,1586,1586,1
2026-10-01,Combustibles JRB,Gasolina 93,1509,1509,1509,2
2026-10-01,Combustibles JRB,Diésel,1489,1489,1489,2
2026-10-01,Combustibles JRB,Kerosene,1319,1319,1319,2
2026-10-01,Combustibles JRB,Gasolina 95,1539,1539,1539,2
2026-10-01,NavCar Combustibles,Gasolina 93,1509,1509,1509,1
2026-10-01,NavCar Combustibles,Gasolina 97,1578,1578,1578,1
2026-10-01,NavCar Combustibles,Diésel,1487,1487,1487,1
2026-10-01,NavCar Combustibles,Gasolina 95,1539,1539,1539,1
2026-10-01,Mimbral,Diésel,1458,1458,1458,1
2026-10-01,Combustibles HM,Gasolina 93,1556,1556,1556,1
2026-10-01,Combustibles HM,Diésel,1499,1499,1499,1
2026-10-01,Combustibles HM,Gasolina 95,1599,1599,1599,1
2026-10-01,SERVICENTRO SAN MIGUEL,Kerosene,1356,1356,1356,1
2026-10-01,ENEX,Diésel,1531,1531,1531,1
2026-10-01,SIN BANDERA,Gasolina 93,1531.67,1512,1554,3
2026-10-01,SIN BANDERA,Gasolina 97,1589.5,1573,1606,2
2026-10-01,SIN BANDERA,Gasolina 95,1573.75,1542,1603,4
2026-10-01,Combustibles Mantul,Gasolina 93,1506,1506,1506,1
2026-10-01,Combustibles Mantul,Gasolina 97,1579,1579,1579,1
2026-10-01,Combustibles Mantul,Diésel,1485,1485,1485,1
2026-10-01,Combustibles Mantul,Kerosene,1324,1324,1324,1
2026-10-01,Combustibles Mantul,Gasolina 95,1539,1539,1539,1
2026-10-01,Doña Lucina,Gasolina 93,1537,1537,1537,1
2026-10-01,Doña Lucina,Gasolina 97,1605,1605,1605,1
2026-10-01,Doña Lucina,Diésel,1499,1499,1499,1
2026-10-01,Doña Lucina,Kerosene,1480,1480,1480,1
2026-10-01,Doña Lucina,Gasolina 95,1571,1571,1571,1
2026-10-01,SOLOGAR,Gasolina 93,1537,1537,1537,1
2026-10-01,SOLOGAR,Diésel,1430,1430,1430,1
2026-10-01,SOLOGAR,Gasolina 95,1572,1572,1572,1
2026-10-01,TERPEL,Gasolina 93,1525,1493,1547,3
2026-10-01,TERPEL,Diésel,1487,1461,1504,3
2026-10-01,TERPEL,Gasolina 95,1558.67,1535,1577,3
2026-10-01,SIVORI COMBUSTIBLES,Gasolina 95,1543,1543,1543,1
2026-10-01,SIVORI COMBUSTIBLES,Gasolina 93,1516,1516,1516,1
2026-10-01,SIVORI COMBUSTIBLES,Gasolina 97,1579,1579,1579,1
2026-10-01,SIVORI COMBUSTIBLES,Kerosene,1088,1088,1088,1
2026-10-01,SIVORI COMBUSTIBLES,Diésel,1473,1473,1473,1
2026-10-01,Servisur,Gasolina 93,1477,1477,1477,1
2026-10-01,Servisur,Gasolina 95,1524,1524,1524,1
2026-10-01,Servisur,Diésel,1409,1409,1409,1
2026-10-01,Petrovic,Gasolina 93,1498,1498,1498,1
2026-10-01,Petrovic,Gasolina 95,1538,1538,1538,1
2026-10-01,Petrovic,Diésel,1463,1463,1463,1
2026-10-01,SIN BANDERA,Kerosene,1297,1297,1297,1
2026-10-01,ECOIL,Gasolina 93,1445.5,1411,1480,2
2026-10-01,ECOIL,Gasolina 97,1500,1500,1500,1
2026-10-01,ECOIL,Diésel,1292,1182,1402,2
2026-10-01,ECOIL,Kerosene,1049,1038,1060,2
2026-10-01,ECOIL,Gasolina 95,1487.5,1455,1520,2
2026-10-01,Las Galaxias,Diésel,1292,1292,1292,1
2026-10-01,Las Galaxias,Gasolina 95,1484,1484,1484,1
2026-10-01,REDSUR,Gasolina 93,1521,1508,1531,3
2026-10-01,REDSUR,Gasolina 97,1589.67,1586,1596,3
2026-10-01,REDSUR,Diésel,1483.67,1480,1487,3
2026-10-01,REDSUR,Kerosene,1329,1310,1348,2
2026-10-01,REDSUR,Gasolina 95,1554.33,1547,1563,3
2026-10-01,CKR,Gasolina 93,1536,1536,1536,1
2026-10-01,CKR,Gasolina 97,1604,1604,1604,1
2026-10-01,CKR,Diésel,1505,1505,1505,1
2026-10-01,CKR,Gasolina 95,1571,1571,1571,1
2026-10-01,Combustibles Nancagua SPA,Diésel,1381,1381,1381,1
2026-10-01,WR FENIX,Gasolina 93,1489,1489,1489,1
2026-10-01,WR FENIX,Diésel,1383,1383,1383,1
2026-10-01,GASOLINERA MONTE AGUILA,Gasolina 93,1527,1527,1527,1
2026-10-01,GASOLINERA MONTE AGUILA,Diésel,1475,1475,1475,1
2026-10-01,GASOLINERA MONTE AGUILA,Gasolina 95,1557,1557,1557,1
2026-10-01,Gasolinera Makal,Gasolina 93,1192,1192,1192,1
2026-10-01,Gasolinera Makal,Diésel,913,913,913,1
2026-10-01,Gasolinera Makal,Gasolina 95,1221,1221,1221,1
2026-10-01,Dale Combustibles,Gasolina 93,1432,1375,1489,2
2026-10-01,Dale Combustibles,Diésel,1318,1253,1383,2
2026-10-01,Dale Combustibles,Gasolina 95,1466.5,1415,1518,2
2026-10-01,NEWEN,Gasolina 93,1493,1493,1493,1
2026-10-01,NEWEN,Diésel,1388,1388,1388,1
2026-10-01,NEWEN,Gasolina 95,1517,1517,1517,1
2026-10-01,Serviautos,Gasolina 93,1530,1530,1530,1
2026-10-01,Serviautos,Gasolina 97,1611,1611,1611,1
2026-10-01,Serviautos,Diésel,1467,1467,1467,1
2026-10-01,Serviautos,Kerosene,1350,1350,1350,1
2026-10-01,Serviautos,Gasolina 95,1563,1563,1563,1
2026-10-01,TERPEL,Kerosene,1060,1060,1060,1
2026-10-01,AGUESAN,Gasolina 93,1525,1525,1525,1
2026-10-01,AGUESAN,Diésel,1490,1490,1490,1
2026-10-01,AGUESAN,Gasolina 95,1559,1559,1559,1
2026-10-01,Infigas,Gasolina 93,1489,1489,1489,1
2026-10-01,Infigas,Diésel,1404,1404,1404,1
2026-10-01,Infigas,Gasolina 95,1518,1518,1518,1
2026-10-01,TERPEL,Gasolina 97,1592,1592,1592,1
2026-10-01,Coopeserau,Gasolina 93,1545,1545,1545,1
2026-10-01,Coopeserau,Gasolina 97,1608,1608,1608,1
2026-10-01,Coopeserau,Diésel,1513,1513,1513,1
2026-10-01,Coopeserau,Gasolina 95,1577,1577,1577,1
2026-10-01,SUAREZ COMBUSTIBLES,Gasolina 93,1551.88,1544,1557,8
2026-10-01,SUAREZ COMBUSTIBLES,Gasolina 97,1622,1612,1627,8
2026-10-01,SUAREZ COMBUSTIBLES,Diésel,1499.25,1366,1522,8
2026-10-01,SUAREZ COMBUSTIBLES,Kerosene,1339.17,1103,1395,6
2026-10-01,SUAREZ COMBUSTIBLES,Gasolina 95,1587.75,1581,1593,8
2026-10-01,SERVICENTRO LEAL,Gasolina 93,1561,1561,1561,1
2026-10-01,SERVICENTRO LEAL,Diésel,1522,1522,1522,1
2026-10-01,SERVICENTRO LEAL,Kerosene,1389,1389,1389,1
2026-10-01,SERVICENTRO LEAL,Gasolina 95,1595,1595,1595,1
2026-10-01,FLORES,Gasolina 93,1466,1466,1466,1
2026-10-01,FLORES,Diésel,1377,1377,1377,1
2026-10-01,FLORES,Gasolina 95,1498,1498,1498,1
2026-10-01,CNC COMBUSTIBLES,Gasolina 93,1521,1521,1521,1
2026-10-01,CNC COMBUSTIBLES,Gasolina 97,1603,1603,1603,1
2026-10-01,CNC COMBUSTIBLES,Diésel,1481,1481,1481,1
2026-10-01,CNC COMBUSTIBLES,Kerosene,1349,1349,1349,1
2026-10-01,CNC COMBUSTIBLES,Gasolina 95,1555,1555,1555,1
2026-10-01,Groff,Gasolina 93,1625,1625,1625,1
2026-10-01,Groff,Diésel,1602,1602,1602,1
2026-10-01,Groff,Gasolina 95,1655,1655,1655,1
2026-10-01,Groff,Kerosene,1382,1382,1382,1
2026-10-01,MT7 Combustibles,Gasolina 93,1525,1525,1525,1
2026-10-01,MT7 Combustibles,Gasolina 97,1606,1606,1606,1
2026-10-01,MT7 Combustibles,Diésel,1478,1478,1478,1
2026-10-01,MT7 Combustibles,Gasolina 95,1560,1560,1560,1
2026-10-01,GSP Combustibles,Gasolina 93,1541,1541,1541,1
2026-10-01,GSP Combustibles,Gasolina 97,1599,1599,1599,1
2026-10-01,GSP Combustibles,Diésel,1449,1449,1449,1
2026-10-01,GSP Combustibles,Kerosene,1393,1393,1393,1
2026-10-01,GSP Combustibles,Gasolina 95,1569,1569,1569,1
2026-10-01,SAMM,Gasolina 93,1771,1771,1771,1
2026-10-01,SAMM,Diésel,1737,1737,1737,1
2026-10-01,SAMM,Gasolina 97,1825,1825,1825,1
2026-10-01,SAMM,Gasolina 95,1797,1797,1797,1
2026-10-01,EDOW,Gasolina 93,1646,1646,1646,1
2026-10-01,EDOW,Gasolina 97,1699,1699,1699,1
2026-10-01,EDOW,Diésel,1598,1598,1598,1
2026-10-01,EDOW,Kerosene,1586,1586,1586,1
2026-10-01,EDOW,Gasolina 95,1672,1672,1672,1
2026-10-01,Gasco Autogas,GNC,780.25,402,914,4
2026-10-01,COPEC,GNC,407,407,407,2
2026-10-01,Transpetrol,Gasolina 93,1536,1530,1542,2
2026-10-01,Transpetrol,Gasolina 97,1618,1613,1623,2
2026-10-01,Transpetrol,Diésel,1519,1514,1524,2
2026-10-01,Transpetrol,Gasolina 95,1576.5,1571,1582,2
2026-10-01,SHELL,GNC,802,513,1091,2
2026-10-01,ARAMCO,GNC,402,402,402,1
2026-10-01,JLC,Gasolina 93,1426,1426,1426,2
2026-10-01,JLC,Gasolina 97,1508,1508,1508,2
2026-10-01,JLC,Diésel,1434,1434,1434,2
2026-10-01,JLC,Kerosene,1330,1330,1330,2
2026-10-01,JLC,Gasolina 95,1467,1467,1467,2
2026-10-01,Dale Combustibles,Kerosene,1099,1099,1099,1
2026-10-01,Adquim,Gasolina 93,1518,1473,1563,2
2026-10-01,Adquim,Diésel,1487,1463,1511,2
2026-10-01,Adquim,Kerosene,1332,1332,1332,1
2026-10-01,Adquim,Gasolina 95,1551.5,1510,1593,2
2026-10-01,ORANGE COMBUSTIBLES,Gasolina 93,1454,1454,1454,1
2026-10-01,ORANGE COMBUSTIBLES,Diésel,1361,1361,1361,1
2026-10-01,ORANGE COMBUSTIBLES,Kerosene,1098,1098,1098,1
2026-10-01,ORANGE COMBUSTIBLES,GLP,669,669,669,1
2026-10-01,ORANGE COMBUSTIBLES,Gasolina 95,1519,1519,1519,1
2026-10-01,POWER SPT,Gasolina 93,1433,1433,1433,1
2026-10-01,POWER SPT,Diésel,1348,1348,1348,1
2026-10-01,POWER SPT,Kerosene,1077,1077,1077,1
2026-10-01,POWER SPT,Gasolina 95,1486,1486,1486,1
2026-10-01,POWER SPT,Gasolina 97,1525,1525,1525,1
2026-10-01,DELPA,Gasolina 93,1416,1416,1416,1
2026-10-01,DELPA,Diésel,1449,1449,1449,1
2026-10-01,DELPA,GLP,669,669,669,1
2026-10-01,DELPA,Gasolina 95,1460,1460,1460,1
2026-10-01,GO!,Gasolina 93,1416,1393,1439,2
2026-10-01,GO!,Diésel,1376,1376,1376,1
2026-10-01,GO!,Gasolina 95,1467,1445,1489,2
2026-10-01,NOVA Service,Gasolina 93,1482,1482,1482,1
2026-10-01,NOVA Service,Diésel,1436,1436,1436,1
2026-10-01,NOVA Service,Kerosene,1069,1069,1069,1
2026-10-01,NOVA Service,Gasolina 95,1532,1532,1532,1
2026-10-01,MODENA,Gasolina 93,1468,1468,1468,1
2026-10-01,MODENA,Diésel,1458,1458,1458,1
2026-10-01,MODENA,Kerosene,1344,1344,1344,1
2026-10-01,MODENA,Gasolina 95,1519,1519,1519,1
2026-10-01,INFINITY GROUP,Gasolina 93,1415,1415,1415,1
2026-10-01,INFINITY GROUP,Gasolina 97,1496,1496,1496,1
2026-10-01,INFINITY GROUP,Diésel,1354,1354,1354,1
2026-10-01,INFINITY GROUP,Kerosene,1080,1080,1080,1
2026-10-01,INFINITY GROUP,Gasolina 95,1456,1456,1456,1
2026-10-01,JVL COMBUSTIBLES,Gasolina 93,1457,1457,1457,1
2026-10-01,JVL COMBUSTIBLES,Diésel,1395,1395,1395,1
2026-10-01,JVL COMBUSTIBLES,Kerosene,1364,1364,1364,1
2026-10-01,JVL COMBUSTIBLES,GNC,909,909,909,1
2026-10-01,JVL COMBUSTIBLES,GLP,679,679,679,1
2026-10-01,JVL COMBUSTIBLES,Gasolina 95,1495,1495,1495,1
2026-10-01,OKEY,Gasolina 93,1462,1462,1462,1
2026-10-01,OKEY,Gasolina 97,1574,1574,1574,1
2026-10-01,OKEY,Diésel,1453,1453,1453,1
2026-10-01,OKEY,Kerosene,1055,1055,1055,1
2026-10-01,OKEY,Gasolina 95,1520,1520,1520,1
2026-10-01,ESA,Gasolina 93,1419,1419,1419,1
2026-10-01,ESA,Gasolina 97,1514,1514,1514,1
2026-10-01,ESA,Diésel,1350,1350,1350,1
2026-10-01,ESA,Kerosene,1065,1065,1065,1
2026-10-01,ESA,Gasolina 95,1464,1464,1464,1
2026-10-01,JVMAX,Gasolina 93,1508,1508,1508,1
2026-10-01,JVMAX,Diésel,1476,1476,1476,1
2026-10-01,JVMAX,Kerosene,1369,1369,1369,1
2026-10-01,JVMAX,Gasolina 95,1563,1563,1563,1
2026-10-01,ECCO,Gasolina 93,1496,1496,1496,1
2026-10-01,ECCO,Diésel,1467,1467,1467,1
2026-10-01,ECCO,Kerosene,1072,1072,1072,1
2026-10-01,ECCO,Gasolina 95,1553,1553,1553,1
2026-10-01,Union Combustibles,Gasolina 93,1416,1416,1416,1
2026-10-01,Union Combustibles,Diésel,1366,1366,1366,1
2026-10-01,Union Combustibles,Kerosene,1077,1077,1077,1
2026-10-01,Union Combustibles,Gasolina 95,1470,1470,1470,1
2026-10-01,VIVA COMBUSTIBLES,Gasolina 97,1539,1539,1539,1
2026-10-01,VIVA COMBUSTIBLES,Kerosene,1077,1077,1077,1
2026-10-01,VIVA COMBUSTIBLES,Gasolina 95,1499,1499,1499,1
2026-10-01,Ruta 5 Norte,Gasolina 93,1482,1482,1482,1
2026-10-01,Ruta 5 Norte,Diésel,1460,1460,1460,1
2026-10-01,Ruta 5 Norte,Kerosene,1257,1257,1257,1
2026-10-01,Ruta 5 Norte,Gasolina 95,1530,1530,1530,1
2026-10-01,Andes Combustibles,Gasolina 93,1507,1507,1507,1
2026-10-01,Andes Combustibles,Gasolina 97,1606,1606,1606,1
2026-10-01,Andes Combustibles,Diésel,1410,1410,1410,1
2026-10-01,Andes Combustibles,Kerosene,1086,1086,1086,1
2026-10-01,Andes Combustibles,Gasolina 95,1557,1557,1557,1
2026-10-01,AMCO,Gasolina 93,1527.67,1522,1536,3
2026-10-01,AMCO,Diésel,1475.33,1454,1487,3
2026-10-01,AMCO,Gasolina 95,1570.67,1561,1584,3
2026-10-01,Go Abastible,Gasolina 93,1530,1530,1530,1
2026-10-01,Go Abastible,Diésel,1484,1484,1484,1
2026-10-01,Go Abastible,Gasolina 95,1583,1583,1583,1
2026-10-01,Energy,Gasolina 93,1470,1470,1470,1
2026-10-01,Energy,Diésel,1440,1440,1440,1
2026-10-01,Energy,Kerosene,1346,1346,1346,1
2026-10-01,Energy,Gasolina 95,1523,1523,1523,1
2026-10-01,APM,Kerosene,1075,1075,1075,1
2026-10-01,Combustibles Josefita Spa,Gasolina 93,1532,1532,1532,1
2026-10-01,Combustibles Josefita Spa,Gasolina 97,1627,1627,1627,1
2026-10-01,Combustibles Josefita Spa,Diésel,1486,1486,1486,1
2026-10-01,Combustibles Josefita Spa,Kerosene,1347,1347,1347,1
2026-10-01,Combustibles Josefita Spa,Gasolina 95,1577,1577,1577,1
2026-10-01,Combustible Alhue,Gasolina 93,1526,1526,1526,1
2026-10-01,Combustible Alhue,Gasolina 97,1634,1634,1634,1
2026-10-01,Combustible Alhue,Diésel,1421,1421,1421,1
2026-10-01,Combustible Alhue,Gasolina 95,1580,1580,1580,1
2026-10-01,CAVE,Gasolina 93,1493,1493,1493,1
2026-10-01,CAVE,Diésel,1473,1473,1473,1
2026-10-01,CAVE,Kerosene,1075,1075,1075,1
2026-10-01,CAVE,Gasolina 95,1523,1523,1523,1
2026-10-01,Petroprix,Gasolina 95,1445,1420,1454,4
2026-10-01,Petroprix,Diésel,1295.25,1290,1297,4
2026-10-01,GO!,GLP,658,658,658,1
2026-10-01,OIL BOX,Gasolina 93,1455,1455,1455,1
2026-10-01,OIL BOX,Diésel,1454,1454,1454,1
2026-10-01,OIL BOX,Gasolina 95,1509,1509,1509,1
2026-10-01,Asmesol,Gasolina 93,1554,1554,1554,1
2026-10-01,Asmesol,Gasolina 95,1606,1606,1606,1
2026-10-01,Asmesol,Gasolina 97,1649,1649,1649,1
2026-10-01,Asmesol,Kerosene,1368,1368,1368,1
2026-10-01,Asmesol,Diésel,1504,1504,1504,1
2026-10-01,SURENERGY,Diésel,1515,1515,1515,1
2026-10-01,Hola,Gasolina 93,1562,1562,1562,1
2026-10-01,Hola,Diésel,1510,1510,1510,1
2026-10-01,Hola,Gasolina 95,1592,1592,1592,1
2026-10-01,Adquim,Gasolina 97,1629,1629,1629,1
2026-10-01,Colun,Gasolina 93,1575,1575,1575,4
2026-10-01,Colun,Gasolina 95,1603,1603,1603,4
2026-10-01,Colun,Diésel,1532,1532,1532,4
2026-10-01,Colun,Gasolina 97,1633,1633,1633,1
2026-10-01,BALTOLU,Diésel,1515,1515,1515,1
2026-10-01,ESTACION DE SERVICIO SANTA MARIA SPA,Diésel,1557,1557,1557,1
2026-10-01,Lepe y Alamo,Diésel,1522,1522,1522,1
2026-10-01,Lepe y Alamo,Gasolina 95,1603,1603,1603,1
2026-10-01,JM-DIESEL,Diésel,1505,1505,1505,1
2026-10-01,PETROSI,Gasolina 93,1515,1515,1515,1
2026-10-01,PETROSI,Diésel,1479,1479,1479,1
2026-10-01,PETROSI,Gasolina 95,1551,1551,1551,1
2026-10-01,SERVICENTROS RABALME,Gasolina 93,1528,1528,1528,1
2026-10-01,SERVICENTROS RABALME,Gasolina 97,1582,1582,1582,1
2026-10-01,SERVICENTROS RABALME,Diésel,1487,1487,1487,1
2026-10-01,SERVICENTROS RABALME,Kerosene,1352,1352,1352,1
2026-10-01,SERVICENTROS RABALME,Gasolina 95,1555,1555,1555,1
2026-10-01,Combustibles San Gregorio,Gasolina 93,1507,1507,1507,1
2026-10-01,Combustibles San Gregorio,Diésel,1397,1397,1397,1
2026-10-01,Combustibles San Gregorio,Kerosene,1050,1050,1050,1
2026-10-01,Combustibles San Gregorio,Gasolina 95,1538,1538,1538,1
2026-10-01,Petrosur,Gasolina 93,1516,1516,1516,1
2026-10-01,Petrosur,Diésel,1476,1476,1476,1
2026-10-01,Petrosur,Gasolina 95,1545,1545,1545,1
2026-10-01,APEX,Gasolina 93,1465,1465,1465,1
2026-10-01,APEX,Diésel,1360,1360,1360,1
2026-10-01,APEX,Kerosene,1060,1060,1060,1
2026-10-01,APEX,Gasolina 95,1496,1496,1496,1
2026-10-01,PETROCAMP,Gasolina 93,1559,1559,1559,1
2026-10-01,PETROCAMP,Diésel,1524,1524,1524,1
2026-10-01,PETROCAMP,Gasolina 95,1587,1587,1587,1
2026-10-01,Servicentro Itata,Gasolina 93,1529,1529,1529,1
2026-10-01,Servicentro Itata,Gasolina 97,1594,1594,1594,1
2026-10-01,Servicentro Itata,Diésel,1498,1498,1498,1
2026-10-01,Servicentro Itata,Gasolina 95,1559,1559,1559,1
2026-10-01,CES,Gasolina 93,1467,1467,1467,1
2026-10-01,CES,Diésel,1375,1375,1375,1
2026-10-01,CES,Gasolina 95,1503,1503,1503,1
2026-10-01,Pegasur,Gasolina 93,1515,1515,1515,1
2026-10-01,Pegasur,Gasolina 95,1546,1546,1546,1
2026-10-01,Pegasur,Diésel,1492,1492,1492,1
2026-10-01,Combustibles Santa María,Gasolina 93,1499,1499,1499,1
2026-10-01,Combustibles Santa María,Gasolina 95,1528,1528,1528,1
2026-10-01,Combustibles Santa María,Kerosene,1314,1314,1314,1
2026-10-01,Combustibles Santa María,Diésel,1463,1463,1463,1
2026-10-01,Combustibles Sandoval,Gasolina 93,1470,1470,1470,1
2026-10-01,Combustibles Sandoval,Gasolina 95,1505,1505,1505,1
2026-10-01,Combustibles Sandoval,Gasolina 97,1539,1539,1539,1
2026-10-01,Combustibles Sandoval,Kerosene,1075,1075,1075,1
2026-10-01,Combustibles Sandoval,Diésel,1376,1376,1376,1
2026-10-01,Ronda Combustibles,Gasolina 93,1434,1434,1434,1
2026-10-01,Ronda Combustibles,Gasolina 95,1462,1462,1462,1
2026-10-01,Ronda Combustibles,Diésel,1194,1194,1194,1
2026-10-01,EMI SPA,Gasolina 93,1501,1501,1501,1
2026-10-01,EMI SPA,Gasolina 95,1537,1537,1537,1
2026-10-01,EMI SPA,Diésel,1473,1473,1473,1
