fecha,region,combustible,precio_promedio,precio_min,precio_max,n_registros
2026-10-01,Tarapacá,GLP,819,819,819,1
2026-10-01,Tarapacá,Gasolina 93,1577.03,1531,1602,29
2026-10-01,Tarapacá,Gasolina 97,1632.14,1590,1649,29
2026-10-01,Tarapacá,Diésel,1487.94,1320,1554,33
2026-10-01,Tarapacá,Gasolina 95,1602.34,1557,1628,29
2026-10-01,Tarapacá,Kerosene,1369.5,1228,1511,2
2026-10-01,Antofagasta,GLP,728,728,728,1
2026-10-01,Antofagasta,Gasolina 93,1601.02,1522,1615,52
2026-10-01,Antofagasta,Gasolina 97,1660.04,1578,1671,52
2026-10-01,Antofagasta,Diésel,1549.83,1280,1582,52
2026-10-01,Antofagasta,Kerosene,1492.33,1439,1532,9
2026-10-01,Antofagasta,Gasolina 95,1632.08,1554,1642,52
2026-10-01,Atacama,GLP,744,744,744,1
2026-10-01,Atacama,Gasolina 93,1589.5,1554,1623,40
2026-10-01,Atacama,Gasolina 97,1655.64,1620,1670,39
2026-10-01,Atacama,Diésel,1555.54,1381,1589,41
2026-10-01,Atacama,Gasolina 95,1622.68,1586,1655,41
2026-10-01,Atacama,Kerosene,1352.29,1085,1419,7
2026-10-01,Coquimbo,GLP,728.67,728,729,3
2026-10-01,Coquimbo,Gasolina 93,1568.11,1495,1623,94
2026-10-01,Coquimbo,Gasolina 97,1639.09,1575,1669,87
2026-10-01,Coquimbo,Diésel,1531.64,1363,1565,95
2026-10-01,Coquimbo,Gasolina 95,1604.26,1534,1656,90
2026-10-01,Coquimbo,Kerosene,1341.7,1081,1385,27
2026-10-01,Valparaíso,GLP,664.4,588,704,5
2026-10-01,Valparaíso,Gasolina 93,1508.89,1398,1812,209
2026-10-01,Valparaíso,Diésel,1480.97,1184,1743,211
2026-10-01,Valparaíso,Kerosene,1304.63,1014,1374,121
2026-10-01,Valparaíso,Gasolina 95,1551.89,1449,1639,206
2026-10-01,Valparaíso,Gasolina 97,1594.46,1494,1625,193
2026-10-01,Del Libertador Gral. Bernardo O’Higgins,GLP,594,541,641,5
2026-10-01,Del Libertador Gral. Bernardo O’Higgins,Gasolina 93,1535.22,1461,1631,127
2026-10-01,Del Libertador Gral. Bernardo O’Higgins,Gasolina 97,1601.11,1517,1705,102
2026-10-01,Del Libertador Gral. Bernardo O’Higgins,Diésel,1494.45,1231,1606,127
2026-10-01,Del Libertador Gral. Bernardo O’Higgins,Kerosene,1320.28,1062,1580,76
2026-10-01,Del Libertador Gral. Bernardo O’Higgins,Gasolina 95,1561.5,1246,1667,129
2026-10-01,Del Maule,GLP,623.86,585,669,7
2026-10-01,Del Maule,Gasolina 93,1520.49,1453,1633,167
2026-10-01,Del Maule,Gasolina 97,1591.2,1536,1630,107
2026-10-01,Del Maule,Diésel,1479.54,1220,1543,170
2026-10-01,Del Maule,Gasolina 95,1552.32,1490,1670,166
2026-10-01,Del Maule,Kerosene,1313.44,996,1480,96
2026-10-01,Del Biobío,GLP,677,615,709,4
2026-10-01,Del Biobío,Kerosene,1301.7,1039,1377,97
2026-10-01,Del Biobío,Gasolina 93,1507.67,1192,1559,178
2026-10-01,Del Biobío,Gasolina 95,1541.97,1221,1574,177
2026-10-01,Del Biobío,Gasolina 97,1579.5,1466,1611,159
2026-10-01,Del Biobío,Diésel,1466.13,913,1511,181
2026-10-01,De la Araucanía,GLP,658.67,601,699,3
2026-10-01,De la Araucanía,Gasolina 93,1538.34,1188,1644,146
2026-10-01,De la Araucanía,Gasolina 97,1601.16,1230,1705,132
2026-10-01,De la Araucanía,Diésel,1497.62,965,1612,146
2026-10-01,De la Araucanía,Gasolina 95,1567.93,1210,1675,147
2026-10-01,De la Araucanía,Kerosene,1344.03,1058,1395,78
2026-10-01,De los Lagos,GLP,767.33,716,857,3
2026-10-01,De los Lagos,Gasolina 93,1570.88,1519,1771,127
2026-10-01,De los Lagos,Gasolina 97,1625.93,1577,1827,124
2026-10-01,De los Lagos,Diésel,1538.71,1353,1763,129
2026-10-01,De los Lagos,Kerosene,1371.08,1097,1586,76
2026-10-01,De los Lagos,Gasolina 95,1602.57,1550,1797,129
2026-10-01,Aysén del Gral. Carlos Ibáñez del Campo,Gasolina 93,1626,1578,1749,21
2026-10-01,Aysén del Gral. Carlos Ibáñez del Campo,Gasolina 97,1685.21,1634,1789,19
2026-10-01,Aysén del Gral. Carlos Ibáñez del Campo,Diésel,1651.13,1556,1802,23
2026-10-01,Aysén del Gral. Carlos Ibáñez del Campo,Kerosene,1449.06,1187,1514,17
2026-10-01,Aysén del Gral. Carlos Ibáñez del Campo,Gasolina 95,1663.24,1618,1801,21
2026-10-01,Magallanes y de la Antártica Chilena,GNC,426.2,402,513,5
2026-10-01,Magallanes y de la Antártica Chilena,Gasolina 93,1600.07,1530,1801,30
2026-10-01,Magallanes y de la Antártica Chilena,Diésel,1605.53,1447,1736,30
2026-10-01,Magallanes y de la Antártica Chilena,Gasolina 97,1657,1613,1732,24
2026-10-01,Magallanes y de la Antártica Chilena,Gasolina 95,1615.58,1571,1683,24
2026-10-01,Magallanes y de la Antártica Chilena,GLP,469,469,469,1
2026-10-01,Metropolitana de Santiago,GLP,636.94,565,679,16
2026-10-01,Metropolitana de Santiago,GNC,943.8,899,1091,5
2026-10-01,Metropolitana de Santiago,Gasolina 93,1496.73,1334,1607,588
2026-10-01,Metropolitana de Santiago,Gasolina 97,1593.03,1277,1707,554
2026-10-01,Metropolitana de Santiago,Diésel,1456.92,1153,1519,597
2026-10-01,Metropolitana de Santiago,Kerosene,1316.01,1055,1422,400
2026-10-01,Metropolitana de Santiago,Gasolina 95,1541.77,1389,1659,592
2026-10-01,De los Ríos,GLP,749,749,749,1
2026-10-01,De los Ríos,Gasolina 93,1568.35,1522,1793,52
2026-10-01,De los Ríos,Gasolina 97,1625.06,1585,1645,47
2026-10-01,De los Ríos,Diésel,1525.73,1439,1679,56
2026-10-01,De los Ríos,Kerosene,1339.69,1077,1403,29
2026-10-01,De los Ríos,Gasolina 95,1600.61,1561,1819,54
2026-10-01,Arica y Parinacota,GLP,600.67,586,628,3
2026-10-01,Arica y Parinacota,Gasolina 93,1590,1556,1597,14
2026-10-01,Arica y Parinacota,Gasolina 97,1646,1612,1653,14
2026-10-01,Arica y Parinacota,Diésel,1542.48,1463,1560,21
2026-10-01,Arica y Parinacota,Gasolina 95,1616.31,1584,1625,16
2026-10-01,Arica y Parinacota,Kerosene,1233,1233,1233,1
2026-10-01,Ñuble,GLP,684,684,684,1
2026-10-01,Ñuble,Gasolina 93,1508.44,1434,1559,77
2026-10-01,Ñuble,Gasolina 97,1578.45,1532,1605,58
2026-10-01,Ñuble,Diésel,1463.57,1073,1524,77
2026-10-01,Ñuble,Kerosene,1304.38,1038,1376,42
2026-10-01,Ñuble,Gasolina 95,1543.38,1462,1587,77
2026-10-01,Tarapacá,GLP,819,819,819,1
2026-10-01,Tarapacá,Gasolina 93,1577.03,1531,1602,29
2026-10-01,Tarapacá,Gasolina 97,1632.14,1590,1649,29
2026-10-01,Tarapacá,Diésel,1487.94,1320,1554,33
2026-10-01,Tarapacá,Gasolina 95,1602.34,1557,1628,29
2026-10-01,Tarapacá,Kerosene,1369.5,1228,1511,2
2026-10-01,Antofagasta,GLP,728,728,728,1
2026-10-01,Antofagasta,Gasolina 93,1601.02,1522,1615,52
2026-10-01,Antofagasta,Gasolina 97,1660.04,1578,1671,52
2026-10-01,Antofagasta,Diésel,1549.83,1280,1582,52
2026-10-01,Antofagasta,Kerosene,1492.33,1439,1532,9
2026-10-01,Antofagasta,Gasolina 95,1632.08,1554,1642,52
2026-10-01,Atacama,GLP,744,744,744,1
2026-10-01,Atacama,Gasolina 93,1589.5,1554,1623,40
2026-10-01,Atacama,Gasolina 97,1655.64,1620,1670,39
2026-10-01,Atacama,Diésel,1555.54,1381,1589,41
2026-10-01,Atacama,Gasolina 95,1622.68,1586,1655,41
2026-10-01,Atacama,Kerosene,1352.29,1085,1419,7
2026-10-01,Coquimbo,GLP,728.67,728,729,3
2026-10-01,Coquimbo,Gasolina 93,1568.11,1495,1623,94
2026-10-01,Coquimbo,Gasolina 97,1639.09,1575,1669,87
2026-10-01,Coquimbo,Diésel,1531.64,1363,1565,95
2026-10-01,Coquimbo,Gasolina 95,1604.26,1534,1656,90
2026-10-01,Coquimbo,Kerosene,1341.7,1081,1385,27
2026-10-01,Valparaíso,GLP,664.4,588,704,5
2026-10-01,Valparaíso,Gasolina 93,1508.89,1398,1812,209
2026-10-01,Valparaíso,Diésel,1480.97,1184,1743,211
2026-10-01,Valparaíso,Kerosene,1304.63,1014,1374,121
2026-10-01,Valparaíso,Gasolina 95,1551.89,1449,1639,206
2026-10-01,Valparaíso,Gasolina 97,1594.46,1494,1625,193
2026-10-01,Del Libertador Gral. Bernardo O’Higgins,GLP,594,541,641,5
2026-10-01,Del Libertador Gral. Bernardo O’Higgins,Gasolina 93,1535.22,1461,1631,127
2026-10-01,Del Libertador Gral. Bernardo O’Higgins,Gasolina 97,1601.11,1517,1705,102
2026-10-01,Del Libertador Gral. Bernardo O’Higgins,Diésel,1494.45,1231,1606,127
2026-10-01,Del Libertador Gral. Bernardo O’Higgins,Kerosene,1320.28,1062,1580,76
2026-10-01,Del Libertador Gral. Bernardo O’Higgins,Gasolina 95,1561.5,1246,1667,129
2026-10-01,Del Maule,GLP,623.86,585,669,7
2026-10-01,Del Maule,Gasolina 93,1520.71,1453,1633,167
2026-10-01,Del Maule,Gasolina 97,1591.2,1536,1630,107
2026-10-01,Del Maule,Diésel,1480.09,1220,1543,170
2026-10-01,Del Maule,Gasolina 95,1552.54,1490,1670,166
2026-10-01,Del Maule,Kerosene,1316.04,996,1480,96
2026-10-01,Del Biobío,GLP,677,615,709,4
2026-10-01,Del Biobío,Kerosene,1301.7,1039,1377,97
2026-10-01,Del Biobío,Gasolina 93,1507.67,1192,1559,178
2026-10-01,Del Biobío,Gasolina 95,1541.97,1221,1574,177
2026-10-01,Del Biobío,Gasolina 97,1579.5,1466,1611,159
2026-10-01,Del Biobío,Diésel,1466.13,913,1511,181
2026-10-01,De la Araucanía,GLP,658.67,601,699,3
2026-10-01,De la Araucanía,Gasolina 93,1538.34,1188,1644,146
2026-10-01,De la Araucanía,Gasolina 97,1601.16,1230,1705,132
2026-10-01,De la Araucanía,Diésel,1497.62,965,1612,146
2026-10-01,De la Araucanía,Gasolina 95,1567.93,1210,1675,147
2026-10-01,De la Araucanía,Kerosene,1344.03,1058,1395,78
2026-10-01,De los Lagos,GLP,767.33,716,857,3
2026-10-01,De los Lagos,Gasolina 93,1570.88,1519,1771,127
2026-10-01,De los Lagos,Gasolina 97,1625.93,1577,1827,124
2026-10-01,De los Lagos,Diésel,1538.71,1353,1763,129
2026-10-01,De los Lagos,Kerosene,1371.08,1097,1586,76
2026-10-01,De los Lagos,Gasolina 95,1602.57,1550,1797,129
2026-10-01,Aysén del Gral. Carlos Ibáñez del Campo,Gasolina 93,1626,1578,1749,21
2026-10-01,Aysén del Gral. Carlos Ibáñez del Campo,Gasolina 97,1685.21,1634,1789,19
2026-10-01,Aysén del Gral. Carlos Ibáñez del Campo,Diésel,1651.13,1556,1802,23
2026-10-01,Aysén del Gral. Carlos Ibáñez del Campo,Kerosene,1449.06,1187,1514,17
2026-10-01,Aysén del Gral. Carlos Ibáñez del Campo,Gasolina 95,1663.24,1618,1801,21
2026-10-01,Magallanes y de la Antártica Chilena,GNC,426.2,402,513,5
2026-10-01,Magallanes y de la Antártica Chilena,Gasolina 93,1600.07,1530,1801,30
2026-10-01,Magallanes y de la Antártica Chilena,Diésel,1605.53,1447,1736,30
2026-10-01,Magallanes y de la Antártica Chilena,Gasolina 97,1657,1613,1732,24
2026-10-01,Magallanes y de la Antártica Chilena,Gasolina 95,1615.58,1571,1683,24
2026-10-01,Magallanes y de la Antártica Chilena,GLP,469,469,469,1
2026-10-01,Metropolitana de Santiago,GLP,636.94,565,679,16
2026-10-01,Metropolitana de Santiago,GNC,943.8,899,1091,5
2026-10-01,Metropolitana de Santiago,Gasolina 93,1496.73,1334,1607,588
2026-10-01,Metropolitana de Santiago,Gasolina 97,1593.03,1277,1707,554
2026-10-01,Metropolitana de Santiago,Diésel,1456.92,1153,1519,597
2026-10-01,Metropolitana de Santiago,Kerosene,1316.01,1055,1422,400
2026-10-01,Metropolitana de Santiago,Gasolina 95,1541.77,1389,1659,592
2026-10-01,De los Ríos,GLP,749,749,749,1
2026-10-01,De los Ríos,Gasolina 93,1568.35,1522,1793,52
2026-10-01,De los Ríos,Gasolina 97,1625.06,1585,1645,47
2026-10-01,De los Ríos,Diésel,1525.73,1439,1679,56
2026-10-01,De los Ríos,Kerosene,1339.69,1077,1403,29
2026-10-01,De los Ríos,Gasolina 95,1600.61,1561,1819,54
2026-10-01,Arica y Parinacota,GLP,600.67,586,628,3
2026-10-01,Arica y Parinacota,Gasolina 93,1590,1556,1597,14
2026-10-01,Arica y Parinacota,Gasolina 97,1646,1612,1653,14
2026-10-01,Arica y Parinacota,Diésel,1542.48,1463,1560,21
2026-10-01,Arica y Parinacota,Gasolina 95,1616.31,1584,1625,16
2026-10-01,Arica y Parinacota,Kerosene,1233,1233,1233,1
2026-10-01,Ñuble,GLP,684,684,684,1
2026-10-01,Ñuble,Gasolina 93,1508.44,1434,1559,77
2026-10-01,Ñuble,Gasolina 97,1578.45,1532,1605,58
2026-10-01,Ñuble,Diésel,1463.57,1073,1524,77
2026-10-01,Ñuble,Kerosene,1304.38,1038,1376,42
2026-10-01,Ñuble,Gasolina 95,1543.38,1462,1587,77
2026-10-01,Tarapacá,GLP,819,819,819,1
2026-10-01,Tarapacá,Gasolina 93,1577.03,1531,1602,29
2026-10-01,Tarapacá,Gasolina 97,1632.14,1590,1649,29
2026-10-01,Tarapacá,Diésel,1487.94,1320,1554,33
2026-10-01,Tarapacá,Gasolina 95,1602.34,1557,1628,29
2026-10-01,Tarapacá,Kerosene,1369.5,1228,1511,2
2026-10-01,Antofagasta,GLP,728,728,728,1
2026-10-01,Antofagasta,Gasolina 93,1601.02,1522,1615,52
2026-10-01,Antofagasta,Gasolina 97,1660.04,1578,1671,52
2026-10-01,Antofagasta,Diésel,1549.83,1280,1582,52
2026-10-01,Antofagasta,Kerosene,1492.33,1439,1532,9
2026-10-01,Antofagasta,Gasolina 95,1632.08,1554,1642,52
2026-10-01,Atacama,GLP,744,744,744,1
2026-10-01,Atacama,Gasolina 93,1589.5,1554,1623,40
2026-10-01,Atacama,Gasolina 97,1655.64,1620,1670,39
2026-10-01,Atacama,Diésel,1555.54,1381,1589,41
2026-10-01,Atacama,Gasolina 95,1622.68,1586,1655,41
2026-10-01,Atacama,Kerosene,1352.29,1085,1419,7
2026-10-01,Coquimbo,GLP,728.67,728,729,3
2026-10-01,Coquimbo,Gasolina 93,1568.11,1495,1623,94
2026-10-01,Coquimbo,Gasolina 97,1639.09,1575,1669,87
2026-10-01,Coquimbo,Diésel,1531.64,1363,1565,95
2026-10-01,Coquimbo,Gasolina 95,1604.26,1534,1656,90
2026-10-01,Coquimbo,Kerosene,1341.7,1081,1385,27
2026-10-01,Valparaíso,GLP,664.4,588,704,5
2026-10-01,Valparaíso,Gasolina 93,1508.89,1398,1812,209
2026-10-01,Valparaíso,Diésel,1480.97,1184,1743,211
2026-10-01,Valparaíso,Kerosene,1304.63,1014,1374,121
2026-10-01,Valparaíso,Gasolina 95,1551.89,1449,1639,206
2026-10-01,Valparaíso,Gasolina 97,1594.46,1494,1625,193
2026-10-01,Del Libertador Gral. Bernardo O’Higgins,GLP,594,541,641,5
2026-10-01,Del Libertador Gral. Bernardo O’Higgins,Gasolina 93,1535.22,1461,1631,127
2026-10-01,Del Libertador Gral. Bernardo O’Higgins,Gasolina 97,1601.11,1517,1705,102
2026-10-01,Del Libertador Gral. Bernardo O’Higgins,Diésel,1494.45,1231,1606,127
2026-10-01,Del Libertador Gral. Bernardo O’Higgins,Kerosene,1320.28,1062,1580,76
2026-10-01,Del Libertador Gral. Bernardo O’Higgins,Gasolina 95,1561.5,1246,1667,129
2026-10-01,Del Maule,GLP,623.86,585,669,7
2026-10-01,Del Maule,Gasolina 93,1520.71,1453,1633,167
2026-10-01,Del Maule,Gasolina 97,1591.2,1536,1630,107
2026-10-01,Del Maule,Diésel,1480.09,1220,1543,170
2026-10-01,Del Maule,Gasolina 95,1552.54,1490,1670,166
2026-10-01,Del Maule,Kerosene,1316.04,996,1480,96
2026-10-01,Del Biobío,GLP,677,615,709,4
2026-10-01,Del Biobío,Kerosene,1301.7,1039,1377,97
2026-10-01,Del Biobío,Gasolina 93,1507.67,1192,1559,178
2026-10-01,Del Biobío,Gasolina 95,1541.97,1221,1574,177
2026-10-01,Del Biobío,Gasolina 97,1579.5,1466,1611,159
2026-10-01,Del Biobío,Diésel,1466.13,913,1511,181
2026-10-01,De la Araucanía,GLP,658.67,601,699,3
2026-10-01,De la Araucanía,Gasolina 93,1538.35,1188,1644,146
2026-10-01,De la Araucanía,Gasolina 97,1601.17,1230,1705,132
2026-10-01,De la Araucanía,Diésel,1497.64,965,1612,146
2026-10-01,De la Araucanía,Gasolina 95,1567.94,1210,1675,147
2026-10-01,De la Araucanía,Kerosene,1344.03,1058,1395,78
2026-10-01,De los Lagos,GLP,767.33,716,857,3
2026-10-01,De los Lagos,Gasolina 93,1570.88,1519,1771,127
2026-10-01,De los Lagos,Gasolina 97,1625.93,1577,1827,124
2026-10-01,De los Lagos,Diésel,1538.71,1353,1763,129
2026-10-01,De los Lagos,Kerosene,1371.08,1097,1586,76
2026-10-01,De los Lagos,Gasolina 95,1602.57,1550,1797,129
2026-10-01,Aysén del Gral. Carlos Ibáñez del Campo,Gasolina 93,1626,1578,1749,21
2026-10-01,Aysén del Gral. Carlos Ibáñez del Campo,Gasolina 97,1685.21,1634,1789,19
2026-10-01,Aysén del Gral. Carlos Ibáñez del Campo,Diésel,1651.13,1556,1802,23
2026-10-01,Aysén del Gral. Carlos Ibáñez del Campo,Kerosene,1449.06,1187,1514,17
2026-10-01,Aysén del Gral. Carlos Ibáñez del Campo,Gasolina 95,1663.24,1618,1801,21
2026-10-01,Magallanes y de la Antártica Chilena,GNC,426.2,402,513,5
2026-10-01,Magallanes y de la Antártica Chilena,Gasolina 93,1600.07,1530,1801,30
2026-10-01,Magallanes y de la Antártica Chilena,Diésel,1605.53,1447,1736,30
2026-10-01,Magallanes y de la Antártica Chilena,Gasolina 97,1657,1613,1732,24
2026-10-01,Magallanes y de la Antártica Chilena,Gasolina 95,1615.58,1571,1683,24
2026-10-01,Magallanes y de la Antártica Chilena,GLP,469,469,469,1
2026-10-01,Metropolitana de Santiago,GLP,636.94,565,679,16
2026-10-01,Metropolitana de Santiago,GNC,943.8,899,1091,5
2026-10-01,Metropolitana de Santiago,Gasolina 93,1496.73,1334,1607,588
2026-10-01,Metropolitana de Santiago,Gasolina 97,1593.03,1277,1707,554
2026-10-01,Metropolitana de Santiago,Diésel,1456.92,1153,1519,597
2026-10-01,Metropolitana de Santiago,Kerosene,1316.01,1055,1422,400
2026-10-01,Metropolitana de Santiago,Gasolina 95,1541.77,1389,1659,592
2026-10-01,De los Ríos,GLP,749,749,749,1
2026-10-01,De los Ríos,Gasolina 93,1568.35,1522,1793,52
2026-10-01,De los Ríos,Gasolina 97,1625.06,1585,1645,47
2026-10-01,De los Ríos,Diésel,1525.73,1439,1679,56
2026-10-01,De los Ríos,Kerosene,1339.69,1077,1403,29
2026-10-01,De los Ríos,Gasolina 95,1600.61,1561,1819,54
2026-10-01,Arica y Parinacota,GLP,600.67,586,628,3
2026-10-01,Arica y Parinacota,Gasolina 93,1590,1556,1597,14
2026-10-01,Arica y Parinacota,Gasolina 97,1646,1612,1653,14
2026-10-01,Arica y Parinacota,Diésel,1542.48,1463,1560,21
2026-10-01,Arica y Parinacota,Gasolina 95,1616.31,1584,1625,16
2026-10-01,Arica y Parinacota,Kerosene,1233,1233,1233,1
2026-10-01,Ñuble,GLP,684,684,684,1
2026-10-01,Ñuble,Gasolina 93,1508.44,1434,1559,77
2026-10-01,Ñuble,Gasolina 97,1578.45,1532,1605,58
2026-10-01,Ñuble,Diésel,1463.57,1073,1524,77
2026-10-01,Ñuble,Kerosene,1304.38,1038,1376,42
2026-10-01,Ñuble,Gasolina 95,1543.38,1462,1587,77
2026-10-01,Tarapacá,GLP,819,819,819,1
2026-10-01,Tarapacá,Gasolina 93,1577.03,1531,1602,29
2026-10-01,Tarapacá,Gasolina 97,1632.14,1590,1649,29
2026-10-01,Tarapacá,Diésel,1487.94,1320,1554,33
2026-10-01,Tarapacá,Gasolina 95,1602.34,1557,1628,29
2026-10-01,Tarapacá,Kerosene,1369.5,1228,1511,2
2026-10-01,Antofagasta,GLP,728,728,728,1
2026-10-01,Antofagasta,Gasolina 93,1601.02,1522,1615,52
2026-10-01,Antofagasta,Gasolina 97,1660.04,1578,1671,52
2026-10-01,Antofagasta,Diésel,1549.83,1280,1582,52
2026-10-01,Antofagasta,Kerosene,1492.33,1439,1532,9
2026-10-01,Antofagasta,Gasolina 95,1632.08,1554,1642,52
2026-10-01,Atacama,GLP,744,744,744,1
2026-10-01,Atacama,Gasolina 93,1589.5,1554,1623,40
2026-10-01,Atacama,Gasolina 97,1655.64,1620,1670,39
2026-10-01,Atacama,Diésel,1555.54,1381,1589,41
2026-10-01,Atacama,Gasolina 95,1622.68,1586,1655,41
2026-10-01,Atacama,Kerosene,1352.29,1085,1419,7
2026-10-01,Coquimbo,GLP,728.67,728,729,3
2026-10-01,Coquimbo,Gasolina 93,1568.11,1495,1623,94
2026-10-01,Coquimbo,Gasolina 97,1639.09,1575,1669,87
2026-10-01,Coquimbo,Diésel,1531.64,1363,1565,95
2026-10-01,Coquimbo,Gasolina 95,1604.26,1534,1656,90
2026-10-01,Coquimbo,Kerosene,1341.7,1081,1385,27
2026-10-01,Valparaíso,GLP,664.4,588,704,5
2026-10-01,Valparaíso,Gasolina 93,1508.89,1398,1812,209
2026-10-01,Valparaíso,Diésel,1480.97,1184,1743,211
2026-10-01,Valparaíso,Kerosene,1304.63,1014,1374,121
2026-10-01,Valparaíso,Gasolina 95,1551.89,1449,1639,206
2026-10-01,Valparaíso,Gasolina 97,1594.46,1494,1625,193
2026-10-01,Del Libertador Gral. Bernardo O’Higgins,GLP,594,541,641,5
2026-10-01,Del Libertador Gral. Bernardo O’Higgins,Gasolina 93,1535.22,1461,1631,127
2026-10-01,Del Libertador Gral. Bernardo O’Higgins,Gasolina 97,1601.11,1517,1705,102
2026-10-01,Del Libertador Gral. Bernardo O’Higgins,Diésel,1494.45,1231,1606,127
2026-10-01,Del Libertador Gral. Bernardo O’Higgins,Kerosene,1320.28,1062,1580,76
2026-10-01,Del Libertador Gral. Bernardo O’Higgins,Gasolina 95,1561.5,1246,1667,129
2026-10-01,Del Maule,GLP,623.86,585,669,7
2026-10-01,Del Maule,Gasolina 93,1520.71,1453,1633,167
2026-10-01,Del Maule,Gasolina 97,1591.2,1536,1630,107
2026-10-01,Del Maule,Diésel,1480.09,1220,1543,170
2026-10-01,Del Maule,Gasolina 95,1552.54,1490,1670,166
2026-10-01,Del Maule,Kerosene,1316.04,996,1480,96
2026-10-01,Del Biobío,GLP,677,615,709,4
2026-10-01,Del Biobío,Kerosene,1301.7,1039,1377,97
2026-10-01,Del Biobío,Gasolina 93,1507.89,1192,1559,178
2026-10-01,Del Biobío,Gasolina 95,1542.19,1221,1574,177
2026-10-01,Del Biobío,Gasolina 97,1579.5,1466,1611,159
2026-10-01,Del Biobío,Diésel,1466.66,913,1511,181
2026-10-01,De la Araucanía,GLP,658.67,601,699,3
2026-10-01,De la Araucanía,Gasolina 93,1538.35,1188,1644,146
2026-10-01,De la Araucanía,Gasolina 97,1601.17,1230,1705,132
2026-10-01,De la Araucanía,Diésel,1497.64,965,1612,146
2026-10-01,De la Araucanía,Gasolina 95,1567.94,1210,1675,147
2026-10-01,De la Araucanía,Kerosene,1344.03,1058,1395,78
2026-10-01,De los Lagos,GLP,767.33,716,857,3
2026-10-01,De los Lagos,Gasolina 93,1570.88,1519,1771,127
2026-10-01,De los Lagos,Gasolina 97,1625.93,1577,1827,124
2026-10-01,De los Lagos,Diésel,1538.71,1353,1763,129
2026-10-01,De los Lagos,Kerosene,1371.08,1097,1586,76
2026-10-01,De los Lagos,Gasolina 95,1602.57,1550,1797,129
2026-10-01,Aysén del Gral. Carlos Ibáñez del Campo,Gasolina 93,1626,1578,1749,21
2026-10-01,Aysén del Gral. Carlos Ibáñez del Campo,Gasolina 97,1685.21,1634,1789,19
2026-10-01,Aysén del Gral. Carlos Ibáñez del Campo,Diésel,1651.13,1556,1802,23
2026-10-01,Aysén del Gral. Carlos Ibáñez del Campo,Kerosene,1449.06,1187,1514,17
2026-10-01,Aysén del Gral. Carlos Ibáñez del Campo,Gasolina 95,1663.24,1618,1801,21
2026-10-01,Magallanes y de la Antártica Chilena,GNC,426.2,402,513,5
2026-10-01,Magallanes y de la Antártica Chilena,Gasolina 93,1600.07,1530,1801,30
2026-10-01,Magallanes y de la Antártica Chilena,Diésel,1605.53,1447,1736,30
2026-10-01,Magallanes y de la Antártica Chilena,Gasolina 97,1657,1613,1732,24
2026-10-01,Magallanes y de la Antártica Chilena,Gasolina 95,1615.58,1571,1683,24
2026-10-01,Magallanes y de la Antártica Chilena,GLP,469,469,469,1
2026-10-01,Metropolitana de Santiago,GLP,636.94,565,679,16
2026-10-01,Metropolitana de Santiago,GNC,943.8,899,1091,5
2026-10-01,Metropolitana de Santiago,Gasolina 93,1496.73,1334,1607,588
2026-10-01,Metropolitana de Santiago,Gasolina 97,1593.03,1277,1707,554
2026-10-01,Metropolitana de Santiago,Diésel,1456.92,1153,1519,597
2026-10-01,Metropolitana de Santiago,Kerosene,1316.01,1055,1422,400
2026-10-01,Metropolitana de Santiago,Gasolina 95,1541.77,1389,1659,592
2026-10-01,De los Ríos,GLP,749,749,749,1
2026-10-01,De los Ríos,Gasolina 93,1568.35,1522,1793,52
2026-10-01,De los Ríos,Gasolina 97,1625.06,1585,1645,47
2026-10-01,De los Ríos,Diésel,1525.73,1439,1679,56
2026-10-01,De los Ríos,Kerosene,1339.69,1077,1403,29
2026-10-01,De los Ríos,Gasolina 95,1600.61,1561,1819,54
2026-10-01,Arica y Parinacota,GLP,600.67,586,628,3
2026-10-01,Arica y Parinacota,Gasolina 93,1590,1556,1597,14
2026-10-01,Arica y Parinacota,Gasolina 97,1646,1612,1653,14
2026-10-01,Arica y Parinacota,Diésel,1542.48,1463,1560,21
2026-10-01,Arica y Parinacota,Gasolina 95,1616.31,1584,1625,16
2026-10-01,Arica y Parinacota,Kerosene,1233,1233,1233,1
2026-10-01,Ñuble,GLP,684,684,684,1
2026-10-01,Ñuble,Gasolina 93,1508.44,1434,1559,77
2026-10-01,Ñuble,Gasolina 97,1578.45,1532,1605,58
2026-10-01,Ñuble,Diésel,1463.57,1073,1524,77
2026-10-01,Ñuble,Kerosene,1304.38,1038,1376,42
2026-10-01,Ñuble,Gasolina 95,1543.38,1462,1587,77
2026-10-02,Tarapacá,GLP,819,819,819,1
2026-10-02,Tarapacá,Gasolina 93,1578.34,1531,1602,29
2026-10-02,Tarapacá,Gasolina 97,1633.41,1590,1649,29
2026-10-02,Tarapacá,Diésel,1490.7,1320,1554,33
2026-10-02,Tarapacá,Gasolina 95,1603.62,1557,1628,29
2026-10-02,Tarapacá,Kerosene,1369.5,1228,1511,2
2026-10-02,Antofagasta,GLP,728,728,728,1
2026-10-02,Antofagasta,Gasolina 93,1601.02,1522,1615,52
2026-10-02,Antofagasta,Gasolina 97,1660.04,1578,1671,52
2026-10-02,Antofagasta,Diésel,1549.75,1280,1582,52
2026-10-02,Antofagasta,Kerosene,1492.33,1439,1532,9
2026-10-02,Antofagasta,Gasolina 95,1632.08,1554,1642,52
2026-10-02,Atacama,GLP,744,744,744,1
2026-10-02,Atacama,Gasolina 93,1589.58,1554,1623,40
2026-10-02,Atacama,Gasolina 97,1655.72,1620,1670,39
2026-10-02,Atacama,Diésel,1555.51,1381,1589,41
2026-10-02,Atacama,Gasolina 95,1622.76,1586,1655,41
2026-10-02,Atacama,Kerosene,1352.29,1085,1419,7
2026-10-02,Coquimbo,GLP,728.67,728,729,3
2026-10-02,Coquimbo,Gasolina 93,1568.73,1495,1623,94
2026-10-02,Coquimbo,Gasolina 97,1639.55,1575,1669,87
2026-10-02,Coquimbo,Diésel,1533.58,1363,1565,95
2026-10-02,Coquimbo,Gasolina 95,1604.66,1534,1656,90
2026-10-02,Coquimbo,Kerosene,1353.15,1081,1385,27
2026-10-02,Valparaíso,GLP,664.4,588,704,5
2026-10-02,Valparaíso,Gasolina 93,1510.19,1398,1812,209
2026-10-02,Valparaíso,Diésel,1484.17,1184,1743,211
2026-10-02,Valparaíso,Kerosene,1315.45,1014,1374,121
2026-10-02,Valparaíso,Gasolina 95,1552.83,1449,1639,206
2026-10-02,Valparaíso,Gasolina 97,1595.72,1494,1625,192
2026-10-02,Del Libertador Gral. Bernardo O’Higgins,GLP,594,541,641,5
2026-10-02,Del Libertador Gral. Bernardo O’Higgins,Gasolina 93,1536.23,1461,1631,127
2026-10-02,Del Libertador Gral. Bernardo O’Higgins,Gasolina 97,1601.56,1517,1705,102
2026-10-02,Del Libertador Gral. Bernardo O’Higgins,Diésel,1497.43,1231,1606,127
2026-10-02,Del Libertador Gral. Bernardo O’Higgins,Kerosene,1325.72,1062,1580,76
2026-10-02,Del Libertador Gral. Bernardo O’Higgins,Gasolina 95,1562.49,1246,1667,129
2026-10-02,Del Maule,GLP,623.86,585,669,7
2026-10-02,Del Maule,Gasolina 93,1521.37,1453,1633,167
2026-10-02,Del Maule,Gasolina 97,1591.75,1536,1630,107
2026-10-02,Del Maule,Diésel,1481.5,1220,1543,170
2026-10-02,Del Maule,Gasolina 95,1553.15,1490,1670,166
2026-10-02,Del Maule,Kerosene,1322.95,1045,1480,96
2026-10-02,Del Biobío,GLP,677,615,709,4
2026-10-02,Del Biobío,Kerosene,1312.63,1039,1377,97
2026-10-02,Del Biobío,Gasolina 93,1509.66,1192,1559,178
2026-10-02,Del Biobío,Gasolina 95,1543.99,1221,1574,177
2026-10-02,Del Biobío,Gasolina 97,1580.81,1466,1611,159
2026-10-02,Del Biobío,Diésel,1471.49,913,1511,181
2026-10-02,De la Araucanía,GLP,658.67,601,699,3
2026-10-02,De la Araucanía,Gasolina 93,1538.95,1188,1644,146
2026-10-02,De la Araucanía,Gasolina 97,1601.57,1230,1705,132
2026-10-02,De la Araucanía,Diésel,1498.99,965,1612,146
2026-10-02,De la Araucanía,Gasolina 95,1568.54,1210,1675,147
2026-10-02,De la Araucanía,Kerosene,1344.73,1058,1395,78
2026-10-02,De los Lagos,GLP,767.33,716,857,3
2026-10-02,De los Lagos,Gasolina 93,1572.89,1524,1771,127
2026-10-02,De los Lagos,Gasolina 97,1627.92,1579,1827,124
2026-10-02,De los Lagos,Diésel,1544.69,1439,1763,129
2026-10-02,De los Lagos,Kerosene,1387.8,1108,1586,76
2026-10-02,De los Lagos,Gasolina 95,1604.52,1551,1797,129
2026-10-02,Aysén del Gral. Carlos Ibáñez del Campo,Gasolina 93,1627.95,1584,1749,21
2026-10-02,Aysén del Gral. Carlos Ibáñez del Campo,Gasolina 97,1687.47,1654,1789,19
2026-10-02,Aysén del Gral. Carlos Ibáñez del Campo,Diésel,1651.3,1556,1802,23
2026-10-02,Aysén del Gral. Carlos Ibáñez del Campo,Kerosene,1469.76,1433,1514,17
2026-10-02,Aysén del Gral. Carlos Ibáñez del Campo,Gasolina 95,1663.43,1618,1801,21
2026-10-02,Magallanes y de la Antártica Chilena,GNC,426.2,402,513,5
2026-10-02,Magallanes y de la Antártica Chilena,Gasolina 93,1602.77,1548,1801,30
2026-10-02,Magallanes y de la Antártica Chilena,Diésel,1612.07,1447,1736,30
2026-10-02,Magallanes y de la Antártica Chilena,Gasolina 97,1660.38,1632,1732,24
2026-10-02,Magallanes y de la Antártica Chilena,Gasolina 95,1619,1591,1683,24
2026-10-02,Magallanes y de la Antártica Chilena,GLP,469,469,469,1
2026-10-02,Metropolitana de Santiago,GLP,637.56,565,679,16
2026-10-02,Metropolitana de Santiago,GNC,943.8,899,1091,5
2026-10-02,Metropolitana de Santiago,Gasolina 93,1497.55,1334,1607,588
2026-10-02,Metropolitana de Santiago,Gasolina 97,1593.63,1277,1707,554
2026-10-02,Metropolitana de Santiago,Diésel,1458.85,1153,1519,597
2026-10-02,Metropolitana de Santiago,Kerosene,1322.11,1055,1422,399
2026-10-02,Metropolitana de Santiago,Gasolina 95,1542.59,1389,1659,592
2026-10-02,De los Ríos,GLP,749,749,749,1
2026-10-02,De los Ríos,Gasolina 93,1570.77,1522,1793,52
2026-10-02,De los Ríos,Gasolina 97,1627.87,1585,1649,47
2026-10-02,De los Ríos,Diésel,1531.13,1440,1679,56
2026-10-02,De los Ríos,Kerosene,1360.79,1077,1403,29
2026-10-02,De los Ríos,Gasolina 95,1602.91,1561,1819,54
2026-10-02,Arica y Parinacota,GLP,600.67,586,628,3
2026-10-02,Arica y Parinacota,Gasolina 93,1592.79,1584,1597,14
2026-10-02,Arica y Parinacota,Gasolina 97,1648.71,1640,1653,14
2026-10-02,Arica y Parinacota,Diésel,1547.05,1505,1560,21
2026-10-02,Arica y Parinacota,Gasolina 95,1618.81,1596,1625,16
2026-10-02,Arica y Parinacota,Kerosene,1233,1233,1233,1
2026-10-02,Ñuble,GLP,684,684,684,1
2026-10-02,Ñuble,Gasolina 93,1509.9,1434,1559,77
2026-10-02,Ñuble,Gasolina 97,1579.09,1532,1605,58
2026-10-02,Ñuble,Diésel,1467.36,1073,1524,77
2026-10-02,Ñuble,Kerosene,1324.29,1060,1376,42
2026-10-02,Ñuble,Gasolina 95,1544.84,1462,1587,77
2026-10-03,Tarapacá,GLP,819,819,819,1
2026-10-03,Tarapacá,Gasolina 93,1578.34,1531,1602,29
2026-10-03,Tarapacá,Gasolina 97,1633.41,1590,1649,29
2026-10-03,Tarapacá,Diésel,1490.7,1320,1554,33
2026-10-03,Tarapacá,Gasolina 95,1603.62,1557,1628,29
2026-10-03,Tarapacá,Kerosene,1369.5,1228,1511,2
2026-10-03,Antofagasta,GLP,728,728,728,1
2026-10-03,Antofagasta,Gasolina 93,1601.79,1522,1615,52
2026-10-03,Antofagasta,Gasolina 97,1660.81,1578,1671,52
2026-10-03,Antofagasta,Diésel,1551.6,1280,1582,52
2026-10-03,Antofagasta,Kerosene,1492.33,1439,1532,9
2026-10-03,Antofagasta,Gasolina 95,1632.85,1554,1642,52
2026-10-03,Atacama,GLP,744,744,744,1
2026-10-03,Atacama,Gasolina 93,1590.63,1554,1623,40
2026-10-03,Atacama,Gasolina 97,1656.79,1622,1670,39
2026-10-03,Atacama,Diésel,1557.8,1381,1589,41
2026-10-03,Atacama,Gasolina 95,1623.78,1588,1655,41
2026-10-03,Atacama,Kerosene,1392.86,1368,1419,7
2026-10-03,Coquimbo,GLP,728.67,728,729,3
2026-10-03,Coquimbo,Gasolina 93,1568.73,1495,1623,94
2026-10-03,Coquimbo,Gasolina 97,1639.55,1575,1669,87
2026-10-03,Coquimbo,Diésel,1533.58,1363,1565,95
2026-10-03,Coquimbo,Gasolina 95,1604.66,1534,1656,90
2026-10-03,Coquimbo,Kerosene,1353.15,1081,1385,27
2026-10-03,Valparaíso,GLP,664.4,588,704,5
2026-10-03,Valparaíso,Gasolina 93,1510.57,1398,1812,209
2026-10-03,Valparaíso,Diésel,1485.07,1184,1743,211
2026-10-03,Valparaíso,Kerosene,1317.86,1014,1374,121
2026-10-03,Valparaíso,Gasolina 95,1553.21,1449,1639,206
2026-10-03,Valparaíso,Gasolina 97,1596.11,1494,1625,192
2026-10-03,Del Libertador Gral. Bernardo O’Higgins,GLP,594,541,641,5
2026-10-03,Del Libertador Gral. Bernardo O’Higgins,Gasolina 93,1537.15,1461,1631,127
2026-10-03,Del Libertador Gral. Bernardo O’Higgins,Gasolina 97,1602.73,1517,1705,102
2026-10-03,Del Libertador Gral. Bernardo O’Higgins,Diésel,1500.7,1231,1606,127
2026-10-03,Del Libertador Gral. Bernardo O’Higgins,Kerosene,1327.76,1062,1580,76
2026-10-03,Del Libertador Gral. Bernardo O’Higgins,Gasolina 95,1563.4,1246,1667,129
2026-10-03,Del Maule,GLP,623.86,585,669,7
2026-10-03,Del Maule,Gasolina 93,1521.8,1453,1633,167
2026-10-03,Del Maule,Gasolina 97,1592.47,1536,1630,107
2026-10-03,Del Maule,Diésel,1482.58,1220,1543,170
2026-10-03,Del Maule,Gasolina 95,1553.58,1490,1670,166
2026-10-03,Del Maule,Kerosene,1325.93,1045,1480,96
2026-10-03,Del Biobío,GLP,677,615,709,4
2026-10-03,Del Biobío,Kerosene,1315.66,1039,1377,97
2026-10-03,Del Biobío,Gasolina 93,1509.88,1192,1559,178
2026-10-03,Del Biobío,Gasolina 95,1544.21,1221,1574,177
2026-10-03,Del Biobío,Gasolina 97,1581.06,1466,1611,159
2026-10-03,Del Biobío,Diésel,1472.01,913,1511,181
2026-10-03,De la Araucanía,GLP,658.67,601,699,3
2026-10-03,De la Araucanía,Gasolina 93,1538.89,1188,1644,146
2026-10-03,De la Araucanía,Gasolina 97,1601.52,1230,1705,132
2026-10-03,De la Araucanía,Diésel,1499.03,965,1612,146
2026-10-03,De la Araucanía,Gasolina 95,1568.47,1210,1675,147
2026-10-03,De la Araucanía,Kerosene,1345.4,1058,1395,78
2026-10-03,De los Lagos,GLP,767.33,716,857,3
2026-10-03,De los Lagos,Gasolina 93,1572.89,1524,1771,127
2026-10-03,De los Lagos,Gasolina 97,1627.92,1579,1827,124
2026-10-03,De los Lagos,Diésel,1544.69,1439,1763,129
2026-10-03,De los Lagos,Kerosene,1387.8,1108,1586,76
2026-10-03,De los Lagos,Gasolina 95,1604.52,1551,1797,129
2026-10-03,Aysén del Gral. Carlos Ibáñez del Campo,Gasolina 93,1629.81,1584,1749,21
2026-10-03,Aysén del Gral. Carlos Ibáñez del Campo,Gasolina 97,1689.53,1654,1789,19
2026-10-03,Aysén del Gral. Carlos Ibáñez del Campo,Diésel,1655.52,1580,1802,23
2026-10-03,Aysén del Gral. Carlos Ibáñez del Campo,Kerosene,1469.76,1433,1514,17
2026-10-03,Aysén del Gral. Carlos Ibáñez del Campo,Gasolina 95,1665.29,1618,1801,21
2026-10-03,Magallanes y de la Antártica Chilena,GNC,426.2,402,513,5
2026-10-03,Magallanes y de la Antártica Chilena,Gasolina 93,1604.7,1555,1801,30
2026-10-03,Magallanes y de la Antártica Chilena,Diésel,1618.4,1552,1736,30
2026-10-03,Magallanes y de la Antártica Chilena,Gasolina 97,1662.63,1638,1732,24
2026-10-03,Magallanes y de la Antártica Chilena,Gasolina 95,1621.29,1596,1683,24
2026-10-03,Magallanes y de la Antártica Chilena,GLP,469,469,469,1
2026-10-03,Metropolitana de Santiago,GLP,637.56,565,679,16
2026-10-03,Metropolitana de Santiago,GNC,943.8,899,1091,5
2026-10-03,Metropolitana de Santiago,Gasolina 93,1498.05,1334,1607,589
2026-10-03,Metropolitana de Santiago,Gasolina 97,1594.4,1277,1707,553
2026-10-03,Metropolitana de Santiago,Diésel,1460.27,1153,1519,597
2026-10-03,Metropolitana de Santiago,Kerosene,1324.88,1055,1422,399
2026-10-03,Metropolitana de Santiago,Gasolina 95,1543.15,1389,1659,592
2026-10-03,De los Ríos,GLP,749,749,749,1
2026-10-03,De los Ríos,Gasolina 93,1570.71,1522,1793,52
2026-10-03,De los Ríos,Gasolina 97,1627.91,1585,1649,47
2026-10-03,De los Ríos,Diésel,1531.02,1440,1679,56
2026-10-03,De los Ríos,Kerosene,1370.97,1077,1403,29
2026-10-03,De los Ríos,Gasolina 95,1602.87,1561,1819,54
2026-10-03,Arica y Parinacota,GLP,600.67,586,628,3
2026-10-03,Arica y Parinacota,Gasolina 93,1592.79,1584,1597,14
2026-10-03,Arica y Parinacota,Gasolina 97,1648.71,1640,1653,14
2026-10-03,Arica y Parinacota,Diésel,1546.24,1505,1560,21
2026-10-03,Arica y Parinacota,Gasolina 95,1618.81,1596,1625,16
2026-10-03,Arica y Parinacota,Kerosene,1233,1233,1233,1
2026-10-03,Ñuble,GLP,684,684,684,1
2026-10-03,Ñuble,Gasolina 93,1510.36,1434,1559,77
2026-10-03,Ñuble,Gasolina 97,1579.09,1532,1605,58
2026-10-03,Ñuble,Diésel,1468.6,1073,1524,77
2026-10-03,Ñuble,Kerosene,1330.95,1060,1376,42
2026-10-03,Ñuble,Gasolina 95,1545.31,1462,1587,77
2026-10-04,Tarapacá,GLP,819,819,819,1
2026-10-04,Tarapacá,Gasolina 93,1578.34,1531,1602,29
2026-10-04,Tarapacá,Gasolina 97,1633.41,1590,1649,29
2026-10-04,Tarapacá,Diésel,1490.7,1320,1554,33
2026-10-04,Tarapacá,Gasolina 95,1603.62,1557,1628,29
2026-10-04,Tarapacá,Kerosene,1369.5,1228,1511,2
2026-10-04,Antofagasta,GLP,728,728,728,1
2026-10-04,Antofagasta,Gasolina 93,1601.79,1522,1615,52
2026-10-04,Antofagasta,Gasolina 97,1660.81,1578,1671,52
2026-10-04,Antofagasta,Diésel,1551.6,1280,1582,52
2026-10-04,Antofagasta,Kerosene,1492.33,1439,1532,9
2026-10-04,Antofagasta,Gasolina 95,1632.85,1554,1642,52
2026-10-04,Atacama,GLP,744,744,744,1
2026-10-04,Atacama,Gasolina 93,1590.53,1554,1623,40
2026-10-04,Atacama,Gasolina 97,1656.69,1622,1670,39
2026-10-04,Atacama,Diésel,1557.8,1381,1589,41
2026-10-04,Atacama,Gasolina 95,1623.68,1588,1655,41
2026-10-04,Atacama,Kerosene,1392.86,1368,1419,7
2026-10-04,Coquimbo,GLP,728.67,728,729,3
2026-10-04,Coquimbo,Gasolina 93,1568.73,1495,1623,94
2026-10-04,Coquimbo,Gasolina 97,1639.55,1575,1669,87
2026-10-04,Coquimbo,Diésel,1533.58,1363,1565,95
2026-10-04,Coquimbo,Gasolina 95,1604.66,1534,1656,90
2026-10-04,Coquimbo,Kerosene,1353.15,1081,1385,27
2026-10-04,Valparaíso,GLP,664.4,588,704,5
2026-10-04,Valparaíso,Gasolina 93,1510.57,1398,1812,209
2026-10-04,Valparaíso,Diésel,1485.07,1184,1743,211
2026-10-04,Valparaíso,Kerosene,1317.86,1014,1374,121
2026-10-04,Valparaíso,Gasolina 95,1553.21,1449,1639,206
2026-10-04,Valparaíso,Gasolina 97,1596.11,1494,1625,192
2026-10-04,Del Libertador Gral. Bernardo O’Higgins,GLP,594,541,641,5
2026-10-04,Del Libertador Gral. Bernardo O’Higgins,Gasolina 93,1537.47,1461,1631,127
2026-10-04,Del Libertador Gral. Bernardo O’Higgins,Gasolina 97,1603.11,1517,1705,102
2026-10-04,Del Libertador Gral. Bernardo O’Higgins,Diésel,1501.45,1231,1606,127
2026-10-04,Del Libertador Gral. Bernardo O’Higgins,Kerosene,1327.76,1062,1580,76
2026-10-04,Del Libertador Gral. Bernardo O’Higgins,Gasolina 95,1563.71,1246,1667,129
2026-10-04,Del Maule,GLP,623.86,585,669,7
2026-10-04,Del Maule,Gasolina 93,1521.67,1453,1633,167
2026-10-04,Del Maule,Gasolina 97,1592.83,1536,1630,107
2026-10-04,Del Maule,Diésel,1482.79,1220,1543,170
2026-10-04,Del Maule,Gasolina 95,1553.46,1490,1670,166
2026-10-04,Del Maule,Kerosene,1328.28,1045,1480,96
2026-10-04,Del Biobío,GLP,677,615,709,4
2026-10-04,Del Biobío,Kerosene,1315.66,1039,1377,97
2026-10-04,Del Biobío,Gasolina 93,1509.88,1192,1559,178
2026-10-04,Del Biobío,Gasolina 95,1544.21,1221,1574,177
2026-10-04,Del Biobío,Gasolina 97,1581.06,1466,1611,159
2026-10-04,Del Biobío,Diésel,1472.01,913,1511,181
2026-10-04,De la Araucanía,GLP,658.67,601,699,3
2026-10-04,De la Araucanía,Gasolina 93,1538.87,1188,1644,146
2026-10-04,De la Araucanía,Gasolina 97,1601.48,1230,1705,132
2026-10-04,De la Araucanía,Diésel,1499.01,965,1612,146
2026-10-04,De la Araucanía,Gasolina 95,1568.46,1210,1675,147
2026-10-04,De la Araucanía,Kerosene,1345.53,1058,1395,78
2026-10-04,De los Lagos,GLP,767.33,716,857,3
2026-10-04,De los Lagos,Gasolina 93,1573.53,1524,1771,127
2026-10-04,De los Lagos,Gasolina 97,1628.57,1579,1827,124
2026-10-04,De los Lagos,Diésel,1546.19,1439,1763,129
2026-10-04,De los Lagos,Kerosene,1395.32,1108,1586,76
2026-10-04,De los Lagos,Gasolina 95,1605.15,1551,1797,129
2026-10-04,Aysén del Gral. Carlos Ibáñez del Campo,Gasolina 93,1629.81,1584,1749,21
2026-10-04,Aysén del Gral. Carlos Ibáñez del Campo,Gasolina 97,1689.53,1654,1789,19
2026-10-04,Aysén del Gral. Carlos Ibáñez del Campo,Diésel,1655.52,1580,1802,23
2026-10-04,Aysén del Gral. Carlos Ibáñez del Campo,Kerosene,1469.76,1433,1514,17
2026-10-04,Aysén del Gral. Carlos Ibáñez del Campo,Gasolina 95,1665.29,1618,1801,21
2026-10-04,Magallanes y de la Antártica Chilena,GNC,426.2,402,513,5
2026-10-04,Magallanes y de la Antártica Chilena,Gasolina 93,1604.7,1555,1801,30
2026-10-04,Magallanes y de la Antártica Chilena,Diésel,1618.4,1552,1736,30
2026-10-04,Magallanes y de la Antártica Chilena,Gasolina 97,1662.63,1638,1732,24
2026-10-04,Magallanes y de la Antártica Chilena,Gasolina 95,1621.29,1596,1683,24
2026-10-04,Magallanes y de la Antártica Chilena,GLP,469,469,469,1
2026-10-04,Metropolitana de Santiago,GLP,637.56,565,679,16
2026-10-04,Metropolitana de Santiago,GNC,943.8,899,1091,5
2026-10-04,Metropolitana de Santiago,Gasolina 93,1498.04,1334,1607,589
2026-10-04,Metropolitana de Santiago,Gasolina 97,1594.39,1277,1707,553
2026-10-04,Metropolitana de Santiago,Diésel,1460.9,1153,1519,597
2026-10-04,Metropolitana de Santiago,Kerosene,1324.89,1055,1422,399
2026-10-04,Metropolitana de Santiago,Gasolina 95,1543.41,1389,1659,592
2026-10-04,De los Ríos,GLP,749,749,749,1
2026-10-04,De los Ríos,Gasolina 93,1571.44,1545,1793,52
2026-10-04,De los Ríos,Gasolina 97,1628.77,1608,1649,47
2026-10-04,De los Ríos,Diésel,1532.73,1504,1679,56
2026-10-04,De los Ríos,Kerosene,1380.79,1351,1403,29
2026-10-04,De los Ríos,Gasolina 95,1603.61,1584,1819,54
2026-10-04,Arica y Parinacota,GLP,600.67,586,628,3
2026-10-04,Arica y Parinacota,Gasolina 93,1592.79,1584,1597,14
2026-10-04,Arica y Parinacota,Gasolina 97,1648.71,1640,1653,14
2026-10-04,Arica y Parinacota,Diésel,1546.24,1505,1560,21
2026-10-04,Arica y Parinacota,Gasolina 95,1618.81,1596,1625,16
2026-10-04,Arica y Parinacota,Kerosene,1233,1233,1233,1
2026-10-04,Ñuble,GLP,684,684,684,1
2026-10-04,Ñuble,Gasolina 93,1510.87,1434,1559,77
2026-10-04,Ñuble,Gasolina 97,1579.76,1539,1605,58
2026-10-04,Ñuble,Diésel,1473.78,1194,1524,77
2026-10-04,Ñuble,Kerosene,1330.45,1060,1373,42
2026-10-04,Ñuble,Gasolina 95,1545.82,1462,1587,77
2026-10-05,Tarapacá,GLP,819,819,819,1
2026-10-05,Tarapacá,Gasolina 93,1579.52,1533,1601,29
2026-10-05,Tarapacá,Gasolina 97,1635.07,1590,1648,29
2026-10-05,Tarapacá,Diésel,1495.55,1395,1554,33
2026-10-05,Tarapacá,Gasolina 95,1605.28,1558,1627,29
2026-10-05,Tarapacá,Kerosene,1511.5,1511,1512,2
2026-10-05,Antofagasta,GLP,728,728,728,1
2026-10-05,Antofagasta,Gasolina 93,1601.81,1522,1615,52
2026-10-05,Antofagasta,Gasolina 97,1660.83,1578,1671,52
2026-10-05,Antofagasta,Diésel,1551.56,1280,1582,52
2026-10-05,Antofagasta,Kerosene,1492.33,1439,1532,9
2026-10-05,Antofagasta,Gasolina 95,1632.87,1554,1642,52
2026-10-05,Atacama,GLP,744,744,744,1
2026-10-05,Atacama,Gasolina 93,1590.48,1554,1623,40
2026-10-05,Atacama,Gasolina 97,1656.67,1622,1670,39
2026-10-05,Atacama,Diésel,1557.83,1381,1589,41
2026-10-05,Atacama,Gasolina 95,1623.63,1588,1655,41
2026-10-05,Atacama,Kerosene,1392.86,1368,1419,7
2026-10-05,Coquimbo,GLP,728.67,728,729,3
2026-10-05,Coquimbo,Gasolina 93,1569.89,1495,1623,94
2026-10-05,Coquimbo,Gasolina 97,1640.87,1575,1669,87
2026-10-05,Coquimbo,Diésel,1536.61,1363,1565,95
2026-10-05,Coquimbo,Gasolina 95,1605.91,1534,1656,90
2026-10-05,Coquimbo,Kerosene,1363.67,1088,1385,27
2026-10-05,Valparaíso,GLP,664.4,588,704,5
2026-10-05,Valparaíso,Gasolina 93,1511.32,1398,1812,209
2026-10-05,Valparaíso,Diésel,1486.9,1184,1743,211
2026-10-05,Valparaíso,Kerosene,1326.8,1014,1374,121
2026-10-05,Valparaíso,Gasolina 95,1553.97,1449,1639,206
2026-10-05,Valparaíso,Gasolina 97,1596.9,1494,1625,192
2026-10-05,Del Libertador Gral. Bernardo O’Higgins,GLP,594,541,641,5
2026-10-05,Del Libertador Gral. Bernardo O’Higgins,Gasolina 93,1539.61,1461,1631,127
2026-10-05,Del Libertador Gral. Bernardo O’Higgins,Gasolina 97,1605.72,1517,1705,102
2026-10-05,Del Libertador Gral. Bernardo O’Higgins,Diésel,1506.15,1231,1606,127
2026-10-05,Del Libertador Gral. Bernardo O’Higgins,Kerosene,1348.63,1062,1580,76
2026-10-05,Del Libertador Gral. Bernardo O’Higgins,Gasolina 95,1565.81,1246,1667,129
2026-10-05,Del Maule,GLP,621.67,585,669,6
2026-10-05,Del Maule,Gasolina 93,1522.27,1453,1633,167
2026-10-05,Del Maule,Gasolina 97,1593.13,1559,1630,107
2026-10-05,Del Maule,Diésel,1483.61,1220,1543,170
2026-10-05,Del Maule,Gasolina 95,1554.05,1490,1670,166
2026-10-05,Del Maule,Kerosene,1331.86,1045,1480,96
2026-10-05,Del Biobío,GLP,677,615,709,4
2026-10-05,Del Biobío,Kerosene,1318.59,1039,1377,97
2026-10-05,Del Biobío,Gasolina 93,1510.25,1192,1597,178
2026-10-05,Del Biobío,Gasolina 95,1544.52,1221,1611,177
2026-10-05,Del Biobío,Gasolina 97,1581.21,1466,1611,159
2026-10-05,Del Biobío,Diésel,1472.97,913,1561,181
2026-10-05,De la Araucanía,GLP,658.67,601,699,3
2026-10-05,De la Araucanía,Gasolina 93,1539.05,1188,1644,146
2026-10-05,De la Araucanía,Gasolina 97,1601.72,1230,1705,132
2026-10-05,De la Araucanía,Diésel,1499.52,965,1612,146
2026-10-05,De la Araucanía,Gasolina 95,1568.61,1210,1675,147
2026-10-05,De la Araucanía,Kerosene,1349.29,1058,1395,78
2026-10-05,De los Lagos,GLP,767.33,716,857,3
2026-10-05,De los Lagos,Gasolina 93,1574.13,1541,1771,127
2026-10-05,De los Lagos,Gasolina 97,1629.16,1595,1827,124
2026-10-05,De los Lagos,Diésel,1547.64,1449,1763,129
2026-10-05,De los Lagos,Kerosene,1399.04,1124,1586,75
2026-10-05,De los Lagos,Gasolina 95,1605.71,1566,1797,129
2026-10-05,Aysén del Gral. Carlos Ibáñez del Campo,Gasolina 93,1629.81,1584,1749,21
2026-10-05,Aysén del Gral. Carlos Ibáñez del Campo,Gasolina 97,1689.68,1654,1789,19
2026-10-05,Aysén del Gral. Carlos Ibáñez del Campo,Diésel,1655.61,1580,1802,23
2026-10-05,Aysén del Gral. Carlos Ibáñez del Campo,Kerosene,1470.47,1433,1514,17
2026-10-05,Aysén del Gral. Carlos Ibáñez del Campo,Gasolina 95,1665.43,1618,1801,21
2026-10-05,Magallanes y de la Antártica Chilena,GNC,426.2,402,513,5
2026-10-05,Magallanes y de la Antártica Chilena,Gasolina 93,1604.67,1554,1801,30
2026-10-05,Magallanes y de la Antártica Chilena,Diésel,1618.37,1552,1736,30
2026-10-05,Magallanes y de la Antártica Chilena,Gasolina 97,1662.5,1636,1732,24
2026-10-05,Magallanes y de la Antártica Chilena,Gasolina 95,1621.13,1594,1683,24
2026-10-05,Magallanes y de la Antártica Chilena,GLP,469,469,469,1
2026-10-05,Metropolitana de Santiago,GLP,637.56,565,679,16
2026-10-05,Metropolitana de Santiago,GNC,943.8,899,1091,5
2026-10-05,Metropolitana de Santiago,Gasolina 93,1498.72,1334,1607,589
2026-10-05,Metropolitana de Santiago,Gasolina 97,1595.07,1277,1707,553
2026-10-05,Metropolitana de Santiago,Diésel,1462.65,1153,1519,597
2026-10-05,Metropolitana de Santiago,Kerosene,1332.81,1065,1457,399
2026-10-05,Metropolitana de Santiago,Gasolina 95,1544.09,1389,1659,592
2026-10-05,De los Ríos,GLP,749,749,749,1
2026-10-05,De los Ríos,Gasolina 93,1571.35,1545,1793,52
2026-10-05,De los Ríos,Gasolina 97,1628.72,1608,1649,47
2026-10-05,De los Ríos,Diésel,1532.59,1504,1679,56
2026-10-05,De los Ríos,Kerosene,1381.1,1351,1403,29
2026-10-05,De los Ríos,Gasolina 95,1603.5,1584,1819,54
2026-10-05,Arica y Parinacota,GLP,600.67,586,628,3
2026-10-05,Arica y Parinacota,Gasolina 93,1591.64,1576,1597,14
2026-10-05,Arica y Parinacota,Gasolina 97,1647.36,1632,1653,14
2026-10-05,Arica y Parinacota,Diésel,1546.19,1505,1560,21
2026-10-05,Arica y Parinacota,Gasolina 95,1618,1596,1625,16
2026-10-05,Arica y Parinacota,Kerosene,1233,1233,1233,1
2026-10-05,Ñuble,GLP,684,684,684,1
2026-10-05,Ñuble,Gasolina 93,1510.87,1434,1559,77
2026-10-05,Ñuble,Gasolina 97,1579.76,1539,1605,58
2026-10-05,Ñuble,Diésel,1473.73,1194,1524,77
2026-10-05,Ñuble,Kerosene,1330.45,1060,1373,42
2026-10-05,Ñuble,Gasolina 95,1545.82,1462,1587,77
2026-10-06,Tarapacá,GLP,819,819,819,1
2026-10-06,Tarapacá,Gasolina 93,1579.52,1533,1601,29
2026-10-06,Tarapacá,Gasolina 97,1635.07,1590,1648,29
2026-10-06,Tarapacá,Diésel,1495.55,1395,1554,33
2026-10-06,Tarapacá,Gasolina 95,1605.28,1558,1627,29
2026-10-06,Tarapacá,Kerosene,1511.5,1511,1512,2
2026-10-06,Antofagasta,GLP,728,728,728,1
2026-10-06,Antofagasta,Gasolina 93,1602.52,1522,1615,52
2026-10-06,Antofagasta,Gasolina 97,1661.56,1578,1671,52
2026-10-06,Antofagasta,Diésel,1553.38,1280,1582,52
2026-10-06,Antofagasta,Kerosene,1492.33,1439,1532,9
2026-10-06,Antofagasta,Gasolina 95,1633.58,1554,1642,52
2026-10-06,Atacama,GLP,744,744,744,1
2026-10-06,Atacama,Gasolina 93,1590.48,1554,1623,40
2026-10-06,Atacama,Gasolina 97,1656.67,1622,1670,39
2026-10-06,Atacama,Diésel,1557.83,1381,1589,41
2026-10-06,Atacama,Gasolina 95,1623.63,1588,1655,41
2026-10-06,Atacama,Kerosene,1392.86,1368,1419,7
2026-10-06,Coquimbo,GLP,728.67,728,729,3
2026-10-06,Coquimbo,Gasolina 93,1569.89,1495,1623,94
2026-10-06,Coquimbo,Gasolina 97,1640.87,1575,1669,87
2026-10-06,Coquimbo,Diésel,1536.61,1363,1565,95
2026-10-06,Coquimbo,Gasolina 95,1605.91,1534,1656,90
2026-10-06,Coquimbo,Kerosene,1363.67,1088,1385,27
2026-10-06,Valparaíso,GLP,664.4,588,704,5
2026-10-06,Valparaíso,Gasolina 93,1511.47,1398,1812,209
2026-10-06,Valparaíso,Diésel,1487.36,1184,1743,211
2026-10-06,Valparaíso,Kerosene,1326.8,1014,1374,121
2026-10-06,Valparaíso,Gasolina 95,1554.12,1449,1639,206
2026-10-06,Valparaíso,Gasolina 97,1596.9,1494,1625,192
2026-10-06,Del Libertador Gral. Bernardo O’Higgins,GLP,594,541,641,5
2026-10-06,Del Libertador Gral. Bernardo O’Higgins,Gasolina 93,1540.19,1461,1631,127
2026-10-06,Del Libertador Gral. Bernardo O’Higgins,Gasolina 97,1606.13,1517,1705,102
2026-10-06,Del Libertador Gral. Bernardo O’Higgins,Diésel,1507.63,1231,1606,127
2026-10-06,Del Libertador Gral. Bernardo O’Higgins,Kerosene,1352.55,1062,1580,76
2026-10-06,Del Libertador Gral. Bernardo O’Higgins,Gasolina 95,1566.41,1246,1667,129
2026-10-06,Del Maule,GLP,621.67,585,669,6
2026-10-06,Del Maule,Gasolina 93,1522.71,1453,1633,167
2026-10-06,Del Maule,Gasolina 97,1593.09,1559,1630,107
2026-10-06,Del Maule,Diésel,1484.66,1220,1543,170
2026-10-06,Del Maule,Gasolina 95,1554.49,1490,1670,166
2026-10-06,Del Maule,Kerosene,1331.97,1045,1480,96
2026-10-06,Del Biobío,GLP,677,615,709,4
2026-10-06,Del Biobío,Kerosene,1318.59,1039,1377,97
2026-10-06,Del Biobío,Gasolina 93,1510.33,1192,1597,178
2026-10-06,Del Biobío,Gasolina 95,1544.64,1221,1611,177
2026-10-06,Del Biobío,Gasolina 97,1581.3,1466,1610,159
2026-10-06,Del Biobío,Diésel,1473.99,913,1561,181
2026-10-06,De la Araucanía,GLP,658.67,601,699,3
2026-10-06,De la Araucanía,Gasolina 93,1538.92,1188,1644,146
2026-10-06,De la Araucanía,Gasolina 97,1601.7,1230,1705,132
2026-10-06,De la Araucanía,Diésel,1499.42,965,1612,146
2026-10-06,De la Araucanía,Gasolina 95,1568.56,1210,1675,147
2026-10-06,De la Araucanía,Kerosene,1349.56,1058,1395,78
2026-10-06,De los Lagos,GLP,767.33,716,857,3
2026-10-06,De los Lagos,Gasolina 93,1574.13,1541,1771,127
2026-10-06,De los Lagos,Gasolina 97,1629.15,1595,1827,124
2026-10-06,De los Lagos,Diésel,1547.64,1449,1763,129
2026-10-06,De los Lagos,Kerosene,1399.48,1124,1586,75
2026-10-06,De los Lagos,Gasolina 95,1605.71,1566,1797,129
2026-10-06,Aysén del Gral. Carlos Ibáñez del Campo,Gasolina 93,1629.81,1584,1749,21
2026-10-06,Aysén del Gral. Carlos Ibáñez del Campo,Gasolina 97,1689.68,1654,1789,19
2026-10-06,Aysén del Gral. Carlos Ibáñez del Campo,Diésel,1655.61,1580,1802,23
2026-10-06,Aysén del Gral. Carlos Ibáñez del Campo,Kerosene,1470.47,1433,1514,17
2026-10-06,Aysén del Gral. Carlos Ibáñez del Campo,Gasolina 95,1665.43,1618,1801,21
2026-10-06,Magallanes y de la Antártica Chilena,GNC,426.2,402,513,5
2026-10-06,Magallanes y de la Antártica Chilena,Gasolina 93,1604.63,1554,1801,30
2026-10-06,Magallanes y de la Antártica Chilena,Diésel,1618.33,1552,1736,30
2026-10-06,Magallanes y de la Antártica Chilena,Gasolina 97,1662.38,1636,1732,24
2026-10-06,Magallanes y de la Antártica Chilena,Gasolina 95,1620.96,1594,1683,24
2026-10-06,Magallanes y de la Antártica Chilena,GLP,469,469,469,1
2026-10-06,Metropolitana de Santiago,GLP,637.56,565,679,16
2026-10-06,Metropolitana de Santiago,GNC,943.8,899,1091,5
2026-10-06,Metropolitana de Santiago,Gasolina 93,1498.86,1334,1607,590
2026-10-06,Metropolitana de Santiago,Gasolina 97,1595.2,1277,1707,554
2026-10-06,Metropolitana de Santiago,Diésel,1462.93,1153,1519,598
2026-10-06,Metropolitana de Santiago,Kerosene,1333.95,1065,1457,399
2026-10-06,Metropolitana de Santiago,Gasolina 95,1544.23,1389,1659,593
2026-10-06,De los Ríos,GLP,749,749,749,1
2026-10-06,De los Ríos,Gasolina 93,1571.29,1545,1793,52
2026-10-06,De los Ríos,Gasolina 97,1628.68,1608,1649,47
2026-10-06,De los Ríos,Diésel,1532.45,1500,1679,56
2026-10-06,De los Ríos,Kerosene,1382.17,1351,1403,29
2026-10-06,De los Ríos,Gasolina 95,1603.44,1584,1819,54
2026-10-06,Arica y Parinacota,GLP,600.67,586,628,3
2026-10-06,Arica y Parinacota,Gasolina 93,1591.5,1576,1596,14
2026-10-06,Arica y Parinacota,Gasolina 97,1647.14,1632,1652,14
2026-10-06,Arica y Parinacota,Diésel,1546.19,1505,1560,21
2026-10-06,Arica y Parinacota,Gasolina 95,1617.94,1596,1624,16
2026-10-06,Arica y Parinacota,Kerosene,1233,1233,1233,1
2026-10-06,Ñuble,GLP,684,684,684,1
2026-10-06,Ñuble,Gasolina 93,1510.87,1434,1559,77
2026-10-06,Ñuble,Gasolina 97,1579.76,1539,1605,58
2026-10-06,Ñuble,Diésel,1473.64,1194,1524,77
2026-10-06,Ñuble,Kerosene,1330.67,1060,1373,42
2026-10-06,Ñuble,Gasolina 95,1545.82,1462,1587,77
2026-10-07,Tarapacá,GLP,819,819,819,1
2026-10-07,Tarapacá,Gasolina 93,1580.03,1533,1601,29
2026-10-07,Tarapacá,Gasolina 97,1635.07,1590,1648,29
2026-10-07,Tarapacá,Diésel,1495.55,1395,1554,33
2026-10-07,Tarapacá,Gasolina 95,1605.28,1558,1627,29
2026-10-07,Tarapacá,Kerosene,1511.5,1511,1512,2
2026-10-07,Antofagasta,GLP,728,728,728,1
2026-10-07,Antofagasta,Gasolina 93,1602.52,1522,1615,52
2026-10-07,Antofagasta,Gasolina 97,1661.56,1578,1671,52
2026-10-07,Antofagasta,Diésel,1553.38,1280,1582,52
2026-10-07,Antofagasta,Kerosene,1492.33,1439,1532,9
2026-10-07,Antofagasta,Gasolina 95,1633.58,1554,1642,52
2026-10-07,Atacama,GLP,744,744,744,1
2026-10-07,Atacama,Gasolina 93,1590.48,1554,1623,40
2026-10-07,Atacama,Gasolina 97,1656.67,1622,1670,39
2026-10-07,Atacama,Diésel,1557.83,1381,1589,41
2026-10-07,Atacama,Gasolina 95,1623.63,1588,1655,41
2026-10-07,Atacama,Kerosene,1392.86,1368,1419,7
2026-10-07,Coquimbo,GLP,728.67,728,729,3
2026-10-07,Coquimbo,Gasolina 93,1569.89,1495,1623,94
2026-10-07,Coquimbo,Gasolina 97,1640.87,1575,1669,87
2026-10-07,Coquimbo,Diésel,1536.61,1363,1565,95
2026-10-07,Coquimbo,Gasolina 95,1605.91,1534,1656,90
2026-10-07,Coquimbo,Kerosene,1363.67,1088,1385,27
2026-10-07,Valparaíso,GLP,664.4,588,704,5
2026-10-07,Valparaíso,Gasolina 93,1511.47,1398,1812,209
2026-10-07,Valparaíso,Diésel,1487.36,1184,1743,211
2026-10-07,Valparaíso,Kerosene,1326.8,1014,1374,121
2026-10-07,Valparaíso,Gasolina 95,1554.11,1449,1639,206
2026-10-07,Valparaíso,Gasolina 97,1596.89,1494,1625,192
2026-10-07,Del Libertador Gral. Bernardo O’Higgins,GLP,594,541,641,5
2026-10-07,Del Libertador Gral. Bernardo O’Higgins,Gasolina 93,1540.5,1461,1631,127
2026-10-07,Del Libertador Gral. Bernardo O’Higgins,Gasolina 97,1606.52,1517,1705,102
2026-10-07,Del Libertador Gral. Bernardo O’Higgins,Diésel,1508.38,1231,1606,127
2026-10-07,Del Libertador Gral. Bernardo O’Higgins,Kerosene,1356.32,1090,1580,76
2026-10-07,Del Libertador Gral. Bernardo O’Higgins,Gasolina 95,1566.72,1246,1667,129
2026-10-07,Del Maule,GLP,621.67,585,669,6
2026-10-07,Del Maule,Gasolina 93,1522.71,1453,1633,167
2026-10-07,Del Maule,Gasolina 97,1593.07,1559,1630,107
2026-10-07,Del Maule,Diésel,1484.66,1220,1543,170
2026-10-07,Del Maule,Gasolina 95,1554.47,1490,1670,166
2026-10-07,Del Maule,Kerosene,1332.02,1045,1480,96
2026-10-07,Del Biobío,GLP,677,615,709,4
2026-10-07,Del Biobío,Kerosene,1318.59,1039,1377,97
2026-10-07,Del Biobío,Gasolina 93,1510.33,1192,1597,178
2026-10-07,Del Biobío,Gasolina 95,1544.64,1221,1611,177
2026-10-07,Del Biobío,Gasolina 97,1581.3,1466,1610,159
2026-10-07,Del Biobío,Diésel,1473.99,913,1561,181
2026-10-07,De la Araucanía,GLP,658.67,601,699,3
2026-10-07,De la Araucanía,Gasolina 93,1538.9,1188,1644,146
2026-10-07,De la Araucanía,Gasolina 97,1601.67,1230,1705,132
2026-10-07,De la Araucanía,Diésel,1499.4,965,1612,146
2026-10-07,De la Araucanía,Gasolina 95,1568.52,1210,1675,147
2026-10-07,De la Araucanía,Kerosene,1349.56,1058,1395,78
2026-10-07,De los Lagos,GLP,767.33,716,857,3
2026-10-07,De los Lagos,Gasolina 93,1574.13,1541,1771,127
2026-10-07,De los Lagos,Gasolina 97,1629.15,1595,1827,124
2026-10-07,De los Lagos,Diésel,1547.64,1449,1763,129
2026-10-07,De los Lagos,Kerosene,1399.48,1124,1586,75
2026-10-07,De los Lagos,Gasolina 95,1605.71,1566,1797,129
2026-10-07,Aysén del Gral. Carlos Ibáñez del Campo,Gasolina 93,1629.81,1584,1749,21
2026-10-07,Aysén del Gral. Carlos Ibáñez del Campo,Gasolina 97,1689.68,1654,1789,19
2026-10-07,Aysén del Gral. Carlos Ibáñez del Campo,Diésel,1655.61,1580,1802,23
2026-10-07,Aysén del Gral. Carlos Ibáñez del Campo,Kerosene,1470.47,1433,1514,17
2026-10-07,Aysén del Gral. Carlos Ibáñez del Campo,Gasolina 95,1665.43,1618,1801,21
2026-10-07,Magallanes y de la Antártica Chilena,GNC,426.2,402,513,5
2026-10-07,Magallanes y de la Antártica Chilena,Gasolina 93,1604.63,1554,1801,30
2026-10-07,Magallanes y de la Antártica Chilena,Diésel,1618.33,1552,1736,30
2026-10-07,Magallanes y de la Antártica Chilena,Gasolina 97,1662.38,1636,1732,24
2026-10-07,Magallanes y de la Antártica Chilena,Gasolina 95,1620.96,1594,1683,24
2026-10-07,Magallanes y de la Antártica Chilena,GLP,469,469,469,1
2026-10-07,Metropolitana de Santiago,GLP,637.56,565,679,16
2026-10-07,Metropolitana de Santiago,GNC,943.8,899,1091,5
2026-10-07,Metropolitana de Santiago,Gasolina 93,1499.07,1334,1607,590
2026-10-07,Metropolitana de Santiago,Gasolina 97,1595.42,1277,1707,554
2026-10-07,Metropolitana de Santiago,Diésel,1463.41,1153,1519,598
2026-10-07,Metropolitana de Santiago,Kerosene,1335.27,1065,1457,398
2026-10-07,Metropolitana de Santiago,Gasolina 95,1544.44,1389,1659,593
2026-10-07,De los Ríos,GLP,749,749,749,1
2026-10-07,De los Ríos,Gasolina 93,1572.21,1545,1843,52
2026-10-07,De los Ríos,Gasolina 97,1628.68,1608,1649,47
2026-10-07,De los Ríos,Diésel,1534.23,1500,1779,56
2026-10-07,De los Ríos,Kerosene,1382.17,1351,1403,29
2026-10-07,De los Ríos,Gasolina 95,1604.37,1584,1869,54
2026-10-07,Arica y Parinacota,GLP,600.67,586,628,3
2026-10-07,Arica y Parinacota,Gasolina 93,1591.5,1576,1596,14
2026-10-07,Arica y Parinacota,Gasolina 97,1647.14,1632,1652,14
2026-10-07,Arica y Parinacota,Diésel,1546.19,1505,1560,21
2026-10-07,Arica y Parinacota,Gasolina 95,1617.94,1596,1624,16
2026-10-07,Arica y Parinacota,Kerosene,1233,1233,1233,1
2026-10-07,Ñuble,GLP,684,684,684,1
2026-10-07,Ñuble,Gasolina 93,1510.87,1434,1559,77
2026-10-07,Ñuble,Gasolina 97,1579.76,1539,1605,58
2026-10-07,Ñuble,Diésel,1473.62,1194,1524,77
2026-10-07,Ñuble,Kerosene,1330.67,1060,1373,42
2026-10-07,Ñuble,Gasolina 95,1545.82,1462,1587,77
